sales_id,date_id,retailer_id,product_id,geo_id,channel_id,price_per_unit,units_sold,total_sales,cogs,gross_profit,operating_profit,gross_margin_rate
1,1,1185732,4,23,3,75.00,275,20625.00,10518.75,10106.25,6188.00,0.4900
2,1,1185732,4,23,3,53.00,83,4399.00,2243.49,2155.51,141.00,0.4900
3,1,1185732,4,23,2,68.00,83,5644.00,2878.44,2765.56,243.00,0.4900
4,1,1185732,3,22,1,50.00,1200,60000.00,30600.00,29400.00,30000.00,0.4900
5,1,1185732,3,22,3,34.00,384,13056.00,6658.56,6397.44,679.00,0.4900
6,1,1185732,3,22,2,47.00,336,15792.00,8053.92,7738.08,963.00,0.4900
7,2,1128299,3,23,3,27.00,158,4266.00,2175.66,2090.34,179.00,0.4900
8,2,1128299,3,23,3,35.00,450,15750.00,8032.50,7717.50,6300.00,0.4900
9,2,1128299,3,23,2,32.00,122,3904.00,1991.04,1912.96,199.00,0.4900
10,2,1185732,2,22,3,36.00,320,11520.00,5875.20,5644.80,403.00,0.4900
11,2,1185732,2,22,2,47.00,260,12220.00,6232.20,5987.80,513.00,0.4900
12,2,1185732,2,22,1,50.00,1000,50000.00,25500.00,24500.00,15000.00,0.4900
13,3,1128299,2,23,2,44.00,117,5148.00,2625.48,2522.52,190.00,0.4900
14,3,1128299,2,23,3,35.00,135,4725.00,2409.75,2315.25,146.00,0.4900
15,3,1128299,2,23,3,45.00,450,20250.00,10327.50,9922.50,5063.00,0.4900
16,3,1185732,6,22,1,40.00,1000,40000.00,20400.00,19600.00,14000.00,0.4900
17,3,1185732,6,22,3,32.00,350,11200.00,5712.00,5488.00,414.00,0.4900
18,3,1185732,6,22,2,36.00,250,9000.00,4590.00,4410.00,414.00,0.4900
19,4,1128299,6,23,3,45.00,450,20250.00,10327.50,9922.50,8100.00,0.4900
20,4,1128299,6,23,2,41.00,117,4797.00,2446.47,2350.53,259.00,0.4900
21,4,1128299,6,23,3,36.00,140,5040.00,2570.40,2469.60,237.00,0.4900
22,4,1185732,5,22,1,45.00,850,38250.00,19507.50,18742.50,13388.00,0.4900
23,4,1185732,5,22,3,36.00,281,10116.00,5159.16,4956.84,374.00,0.4900
24,4,1185732,5,22,2,41.00,247,10127.00,5164.77,4962.23,466.00,0.4900
25,5,1128299,5,23,3,45.00,300,13500.00,6885.00,6615.00,4725.00,0.4900
26,5,1128299,5,23,3,34.00,90,3060.00,1560.60,1499.40,125.00,0.4900
27,5,1128299,5,23,2,43.00,87,3741.00,1907.91,1833.09,187.00,0.4900
28,5,1185732,1,22,3,43.00,306,13158.00,6710.58,6447.42,487.00,0.4900
29,5,1185732,1,22,2,55.00,234,12870.00,6563.70,6306.30,515.00,0.4900
30,5,1185732,1,22,1,60.00,900,54000.00,27540.00,26460.00,16200.00,0.4900
31,6,1128299,1,49,2,47.00,70,3290.00,1677.90,1612.10,214.00,0.4900
32,6,1128299,1,49,3,37.00,80,2960.00,1509.60,1450.40,169.00,0.4900
33,6,1128299,1,49,3,50.00,250,12500.00,6375.00,6125.00,6875.00,0.4900
34,6,1185732,4,22,1,50.00,1000,50000.00,25500.00,24500.00,12500.00,0.4900
35,6,1185732,4,22,3,38.00,330,12540.00,6395.40,6144.60,401.00,0.4900
36,6,1185732,4,22,2,46.00,260,11960.00,6099.60,5860.40,443.00,0.4900
37,7,1128299,4,49,3,45.00,475,21375.00,10901.25,10473.75,4275.00,0.4900
38,7,1128299,4,49,3,36.00,166,5976.00,3047.76,2928.24,143.00,0.4900
39,7,1128299,4,49,2,41.00,128,5248.00,2676.48,2571.52,157.00,0.4900
40,7,1185732,3,22,3,33.00,388,12804.00,6530.04,6273.96,666.00,0.4900
41,7,1185732,3,22,2,46.00,313,14398.00,7342.98,7055.02,893.00,0.4900
42,7,1185732,3,22,1,50.00,1250,62500.00,31875.00,30625.00,31250.00,0.4900
43,8,1128299,3,49,3,27.00,173,4671.00,2382.21,2288.79,201.00,0.4900
44,8,1128299,3,49,2,34.00,158,5372.00,2739.72,2632.28,269.00,0.4900
45,8,1128299,3,49,3,35.00,525,18375.00,9371.25,9003.75,7350.00,0.4900
46,8,1185732,2,22,3,50.00,900,45000.00,22950.00,22050.00,13500.00,0.4900
47,8,1185732,2,22,2,46.00,261,12006.00,6123.06,5882.94,528.00,0.4900
48,8,1185732,2,22,3,39.00,315,12285.00,6265.35,6019.65,405.00,0.4900
49,9,1128299,2,49,3,35.00,145,5075.00,2588.25,2486.75,157.00,0.4900
50,9,1128299,2,49,2,43.00,128,5504.00,2807.04,2696.96,220.00,0.4900
51,9,1128299,2,49,3,45.00,425,19125.00,9753.75,9371.25,4781.00,0.4900
52,10,1128299,6,49,3,45.00,425,19125.00,9753.75,9371.25,7650.00,0.4900
53,10,1128299,6,49,2,41.00,119,4879.00,2488.29,2390.71,259.00,0.4900
54,10,1128299,6,49,3,31.00,140,4340.00,2213.40,2126.60,187.00,0.4900
55,11,1128299,5,49,3,45.00,275,12375.00,6311.25,6063.75,4331.00,0.4900
56,11,1128299,5,49,3,30.00,85,2550.00,1300.50,1249.50,105.00,0.4900
57,11,1128299,5,49,2,44.00,74,3256.00,1660.56,1595.44,150.00,0.4900
58,12,1128299,1,49,3,37.00,70,2590.00,1320.90,1269.10,158.00,0.4900
59,12,1128299,1,49,2,46.00,52,2392.00,1219.92,1172.08,167.00,0.4900
60,12,1128299,1,49,3,50.00,200,10000.00,5100.00,4900.00,5500.00,0.4900
61,13,1128299,4,49,3,45.00,400,18000.00,9180.00,8820.00,3600.00,0.4900
62,13,1128299,4,49,3,31.00,140,4340.00,2213.40,2126.60,100.00,0.4900
63,13,1128299,4,49,2,41.00,116,4756.00,2425.56,2330.44,162.00,0.4900
64,14,1128299,3,49,3,31.00,182,5642.00,2877.42,2764.58,254.00,0.4900
65,14,1128299,3,49,3,45.00,550,24750.00,12622.50,12127.50,9900.00,0.4900
66,14,1128299,3,49,2,43.00,160,6880.00,3508.80,3371.20,378.00,0.4900
67,15,1128299,2,49,3,55.00,400,22000.00,11220.00,10780.00,5500.00,0.4900
68,15,1128299,2,49,2,50.00,120,6000.00,3060.00,2940.00,240.00,0.4900
69,15,1128299,2,49,3,42.00,124,5208.00,2656.08,2551.92,167.00,0.4900
70,16,1128299,6,49,2,52.00,104,5408.00,2758.08,2649.92,287.00,0.4900
71,16,1128299,6,49,3,43.00,128,5504.00,2807.04,2696.96,259.00,0.4900
72,16,1128299,6,49,3,55.00,400,22000.00,11220.00,10780.00,8800.00,0.4900
73,17,1128299,5,49,3,55.00,300,16500.00,8415.00,8085.00,5775.00,0.4900
74,17,1128299,5,49,3,41.00,93,3813.00,1944.63,1868.37,156.00,0.4900
75,17,1128299,5,49,2,50.00,84,4200.00,2142.00,2058.00,197.00,0.4900
76,18,1128299,1,49,3,60.00,175,10500.00,5355.00,5145.00,5775.00,0.4900
77,18,1128299,1,49,2,55.00,47,2585.00,1318.35,1266.65,181.00,0.4900
78,18,1128299,1,49,3,44.00,60,2640.00,1346.40,1293.60,164.00,0.4900
79,19,1128299,4,49,3,39.00,124,4836.00,2466.36,2369.64,126.00,0.4900
80,19,1128299,4,49,2,54.00,94,5076.00,2588.76,2487.24,173.00,0.4900
81,19,1128299,4,49,3,55.00,375,20625.00,10518.75,10106.25,4125.00,0.4900
82,20,1128299,3,49,2,58.00,143,8294.00,4229.94,4064.06,423.00,0.4900
83,20,1128299,3,49,3,41.00,171,7011.00,3575.61,3435.39,294.00,0.4900
84,20,1128299,3,49,3,60.00,550,33000.00,16830.00,16170.00,13200.00,0.4900
85,21,1128299,2,49,3,65.00,350,22750.00,11602.50,11147.50,5688.00,0.4900
86,21,1128299,2,49,3,46.00,116,5336.00,2721.36,2614.64,155.00,0.4900
87,21,1128299,2,49,2,62.00,102,6324.00,3225.24,3098.76,240.00,0.4900
88,21,1185732,6,22,3,40.00,950,38000.00,19380.00,18620.00,13300.00,0.4900
89,21,1185732,6,22,3,32.00,323,10336.00,5271.36,5064.64,393.00,0.4900
90,21,1185732,6,22,2,36.00,276,9936.00,5067.36,4868.64,467.00,0.4900
91,22,1128299,6,49,3,47.00,120,5640.00,2876.40,2763.60,254.00,0.4900
92,22,1128299,6,49,2,61.00,120,7320.00,3733.20,3586.80,388.00,0.4900
93,22,1128299,6,49,3,65.00,400,26000.00,13260.00,12740.00,10400.00,0.4900
94,22,1185732,5,22,3,32.00,248,7936.00,4047.36,3888.64,302.00,0.4900
95,22,1185732,5,22,2,44.00,206,9064.00,4622.64,4441.36,444.00,0.4900
96,22,1185732,5,22,3,45.00,825,37125.00,18933.75,18191.25,12994.00,0.4900
97,23,1128299,5,49,3,60.00,300,18000.00,9180.00,8820.00,6300.00,0.4900
98,23,1128299,5,49,2,59.00,75,4425.00,2256.75,2168.25,204.00,0.4900
99,23,1128299,5,49,3,40.00,90,3600.00,1836.00,1764.00,148.00,0.4900
100,23,1185732,1,22,3,43.00,306,13158.00,6710.58,6447.42,461.00,0.4900
101,23,1185732,1,22,2,58.00,243,14094.00,7187.94,6906.06,606.00,0.4900
102,23,1185732,1,22,3,60.00,900,54000.00,27540.00,26460.00,16200.00,0.4900
103,24,1128299,1,49,3,47.00,62,2914.00,1486.14,1427.86,178.00,0.4900
104,24,1128299,1,49,2,63.00,52,3276.00,1670.76,1605.24,216.00,0.4900
105,24,1128299,1,49,3,65.00,200,13000.00,6630.00,6370.00,7150.00,0.4900
106,24,1185732,4,22,3,50.00,1000,50000.00,25500.00,24500.00,12500.00,0.4900
107,24,1185732,4,22,3,36.00,350,12600.00,6426.00,6174.00,365.00,0.4900
108,24,1185732,4,22,2,48.00,290,13920.00,7099.20,6820.80,529.00,0.4900
109,25,1128299,4,49,3,80.00,350,28000.00,14280.00,13720.00,5600.00,0.4900
110,25,1128299,4,49,3,54.00,123,6642.00,3387.42,3254.58,179.00,0.4900
111,25,1128299,4,49,2,78.00,95,7410.00,3779.10,3630.90,252.00,0.4900
112,25,1185732,3,22,3,40.00,390,15600.00,7956.00,7644.00,811.00,0.4900
113,25,1185732,3,22,2,46.00,354,16284.00,8304.84,7979.16,1026.00,0.4900
114,25,1185732,3,22,3,50.00,1220,61000.00,31110.00,29890.00,30500.00,0.4900
115,26,1128299,3,49,3,60.00,550,33000.00,16830.00,16170.00,14850.00,0.4900
116,26,1128299,3,49,2,58.00,149,8642.00,4407.42,4234.58,501.00,0.4900
117,26,1128299,3,49,3,43.00,171,7353.00,3750.03,3602.97,353.00,0.4900
118,26,1185732,2,22,3,50.00,925,46250.00,23587.50,22662.50,13875.00,0.4900
119,26,1185732,2,22,2,48.00,259,12432.00,6340.32,6091.68,535.00,0.4900
120,26,1185732,2,22,3,35.00,315,11025.00,5622.75,5402.25,397.00,0.4900
121,27,1128299,2,49,3,65.00,400,26000.00,13260.00,12740.00,7800.00,0.4900
122,27,1128299,2,49,2,60.00,104,6240.00,3182.40,3057.60,268.00,0.4900
123,27,1128299,2,49,3,43.00,120,5160.00,2631.60,2528.40,181.00,0.4900
124,27,1185732,6,22,2,39.00,247,9633.00,4912.83,4720.17,472.00,0.4900
125,27,1185732,6,22,3,27.00,314,8478.00,4323.78,4154.22,348.00,0.4900
126,27,1185732,6,22,3,40.00,950,38000.00,19380.00,18620.00,13300.00,0.4900
127,28,1128299,6,49,2,63.00,116,7308.00,3727.08,3580.92,417.00,0.4900
128,28,1128299,6,49,3,49.00,132,6468.00,3298.68,3169.32,304.00,0.4900
129,28,1128299,6,49,3,65.00,400,26000.00,13260.00,12740.00,11700.00,0.4900
130,28,1185732,5,22,3,45.00,800,36000.00,18360.00,17640.00,12600.00,0.4900
131,28,1185732,5,22,2,43.00,216,9288.00,4736.88,4551.12,464.00,0.4900
132,28,1185732,5,22,3,31.00,240,7440.00,3794.40,3645.60,298.00,0.4900
133,29,1128299,5,49,3,60.00,300,18000.00,9180.00,8820.00,7200.00,0.4900
134,29,1128299,5,49,2,57.00,90,5130.00,2616.30,2513.70,257.00,0.4900
135,29,1128299,5,49,3,47.00,105,4935.00,2516.85,2418.15,227.00,0.4900
136,29,1185732,1,22,2,59.00,230,13570.00,6920.70,6649.30,570.00,0.4900
137,29,1185732,1,22,3,43.00,289,12427.00,6337.77,6089.23,398.00,0.4900
138,29,1185732,1,22,3,60.00,850,51000.00,26010.00,24990.00,15300.00,0.4900
139,30,1128299,1,49,3,43.00,66,2838.00,1447.38,1390.62,187.00,0.4900
140,30,1128299,1,49,2,60.00,60,3600.00,1836.00,1764.00,252.00,0.4900
141,30,1128299,1,49,3,65.00,200,13000.00,6630.00,6370.00,7800.00,0.4900
142,30,1185732,4,22,3,50.00,950,47500.00,24225.00,23275.00,11875.00,0.4900
143,30,1185732,4,22,2,45.00,238,10710.00,5462.10,5247.90,375.00,0.4900
144,30,1185732,4,22,3,36.00,323,11628.00,5930.28,5697.72,314.00,0.4900
145,31,1128299,4,49,3,80.00,450,36000.00,18360.00,17640.00,9000.00,0.4900
146,31,1128299,4,49,3,54.00,140,7560.00,3855.60,3704.40,242.00,0.4900
147,31,1128299,4,49,2,78.00,131,10218.00,5211.18,5006.82,358.00,0.4900
148,31,1185732,3,22,3,50.00,1200,60000.00,30600.00,29400.00,30000.00,0.4900
149,31,1185732,3,22,2,45.00,300,13500.00,6885.00,6615.00,837.00,0.4900
150,31,1185732,3,22,3,33.00,372,12276.00,6260.76,6015.24,663.00,0.4900
151,32,1128299,3,49,2,56.00,189,10584.00,5397.84,5186.16,603.00,0.4900
152,32,1128299,3,49,3,47.00,245,11515.00,5872.65,5642.35,576.00,0.4900
153,32,1128299,3,49,3,60.00,700,42000.00,21420.00,20580.00,18900.00,0.4900
154,32,1185732,2,22,3,35.00,315,11025.00,5622.75,5402.25,364.00,0.4900
155,32,1185732,2,22,2,47.00,234,10998.00,5608.98,5389.02,451.00,0.4900
156,32,1185732,2,22,3,50.00,900,45000.00,22950.00,22050.00,13500.00,0.4900
157,33,1128299,2,49,2,62.00,165,10230.00,5217.30,5012.70,419.00,0.4900
158,33,1128299,2,49,3,51.00,182,9282.00,4733.82,4548.18,334.00,0.4900
159,33,1128299,2,49,3,65.00,550,35750.00,18232.50,17517.50,10725.00,0.4900
160,33,1185732,6,22,3,40.00,900,36000.00,18360.00,17640.00,12600.00,0.4900
161,33,1185732,6,22,3,28.00,315,8820.00,4498.20,4321.80,335.00,0.4900
162,33,1185732,6,22,2,39.00,252,9828.00,5012.28,4815.72,491.00,0.4900
163,34,1128299,6,49,3,46.00,176,8096.00,4128.96,3967.04,389.00,0.4900
164,34,1128299,6,49,3,65.00,550,35750.00,18232.50,17517.50,16088.00,0.4900
165,34,1128299,6,49,2,62.00,165,10230.00,5217.30,5012.70,604.00,0.4900
166,34,1185732,5,22,3,31.00,289,8959.00,4569.09,4389.91,331.00,0.4900
167,34,1185732,5,22,2,41.00,239,9799.00,4997.49,4801.51,480.00,0.4900
168,34,1185732,5,22,3,45.00,825,37125.00,18933.75,18191.25,12994.00,0.4900
169,35,1128299,5,49,3,47.00,145,6815.00,3475.65,3339.35,307.00,0.4900
170,35,1128299,5,49,2,58.00,111,6438.00,3283.38,3154.62,328.00,0.4900
171,35,1128299,5,49,3,60.00,425,25500.00,13005.00,12495.00,10200.00,0.4900
172,35,1185732,1,22,3,60.00,825,49500.00,25245.00,24255.00,14850.00,0.4900
173,35,1185732,1,22,3,44.00,281,12364.00,6305.64,6058.36,445.00,0.4900
174,35,1185732,1,22,2,56.00,215,12040.00,6140.40,5899.60,506.00,0.4900
175,36,1128299,1,49,3,65.00,300,19500.00,9945.00,9555.00,11700.00,0.4900
176,36,1128299,1,49,3,47.00,105,4935.00,2516.85,2418.15,321.00,0.4900
177,36,1128299,1,49,2,59.00,81,4779.00,2437.29,2341.71,354.00,0.4900
178,36,1185732,4,22,2,49.00,238,11662.00,5947.62,5714.38,431.00,0.4900
179,36,1185732,4,22,3,39.00,333,12987.00,6623.37,6363.63,351.00,0.4900
180,36,1185732,4,22,3,50.00,950,47500.00,24225.00,23275.00,11875.00,0.4900
181,37,1128299,4,49,3,80.00,600,48000.00,24480.00,23520.00,12000.00,0.4900
182,37,1128299,4,49,2,73.00,174,12702.00,6478.02,6223.98,508.00,0.4900
183,37,1128299,4,49,3,57.00,192,10944.00,5581.44,5362.56,306.00,0.4900
184,37,1185732,3,22,2,54.00,317,17118.00,8730.18,8387.82,1096.00,0.4900
185,37,1185732,3,22,3,44.00,366,16104.00,8213.04,7890.96,837.00,0.4900
186,37,1185732,3,22,3,60.00,1220,73200.00,37332.00,35868.00,36600.00,0.4900
187,38,1128299,3,49,3,60.00,750,45000.00,22950.00,22050.00,18000.00,0.4900
188,38,1128299,3,49,3,48.00,233,11184.00,5703.84,5480.16,492.00,0.4900
189,38,1128299,3,49,2,58.00,218,12644.00,6448.44,6195.56,670.00,0.4900
190,38,1185732,2,22,3,37.00,296,10952.00,5585.52,5366.48,383.00,0.4900
191,38,1185732,2,22,2,50.00,259,12950.00,6604.50,6345.50,518.00,0.4900
192,38,1185732,2,22,3,55.00,925,50875.00,25946.25,24928.75,15263.00,0.4900
193,39,1128299,2,49,3,65.00,600,39000.00,19890.00,19110.00,9750.00,0.4900
194,39,1128299,2,49,3,46.00,204,9384.00,4785.84,4598.16,253.00,0.4900
195,39,1128299,2,49,2,61.00,174,10614.00,5413.14,5200.86,382.00,0.4900
196,39,1185732,6,22,3,50.00,900,45000.00,22950.00,22050.00,15750.00,0.4900
197,39,1185732,6,22,2,46.00,261,12006.00,6123.06,5882.94,564.00,0.4900
198,39,1185732,6,22,3,36.00,288,10368.00,5287.68,5080.32,435.00,0.4900
199,40,1128299,6,49,3,47.00,171,8037.00,4098.87,3938.13,362.00,0.4900
200,40,1128299,6,49,2,61.00,143,8723.00,4448.73,4274.27,462.00,0.4900
201,40,1128299,6,49,1,65.00,550,35750.00,18232.50,17517.50,14300.00,0.4900
202,40,1185732,5,22,3,50.00,850,42500.00,21675.00,20825.00,14875.00,0.4900
203,40,1185732,5,22,2,46.00,230,10580.00,5395.80,5184.20,508.00,0.4900
204,40,1185732,5,22,3,33.00,289,9537.00,4863.87,4673.13,381.00,0.4900
205,41,1128299,5,49,1,60.00,450,27000.00,13770.00,13230.00,9450.00,0.4900
206,41,1128299,5,49,2,55.00,117,6435.00,3281.85,3153.15,315.00,0.4900
207,41,1128299,5,49,3,46.00,140,6440.00,3284.40,3155.60,270.00,0.4900
208,41,1185732,1,22,3,47.00,280,13160.00,6711.60,6448.40,461.00,0.4900
209,41,1185732,1,22,2,59.00,245,14455.00,7372.05,7082.95,650.00,0.4900
210,41,1185732,1,22,3,60.00,875,52500.00,26775.00,25725.00,15750.00,0.4900
211,42,1128299,1,49,2,60.00,130,7800.00,3978.00,3822.00,546.00,0.4900
212,42,1128299,1,49,3,47.00,150,7050.00,3595.50,3454.50,416.00,0.4900
213,42,1128299,1,49,1,65.00,500,32500.00,16575.00,15925.00,17875.00,0.4900
214,43,1128299,4,49,1,80.00,500,40000.00,20400.00,19600.00,8000.00,0.4900
215,43,1128299,4,49,2,78.00,145,11310.00,5768.10,5541.90,339.00,0.4900
216,43,1128299,4,49,3,61.00,170,10370.00,5288.70,5081.30,280.00,0.4900
217,44,1128299,3,49,1,65.00,700,45500.00,23205.00,22295.00,18200.00,0.4900
218,44,1128299,3,49,3,44.00,238,10472.00,5340.72,5131.28,482.00,0.4900
219,44,1128299,3,49,2,62.00,210,13020.00,6640.20,6379.80,690.00,0.4900
220,45,1128299,2,49,3,56.00,208,11648.00,5940.48,5707.52,338.00,0.4900
221,45,1128299,2,49,2,64.00,182,11648.00,5940.48,5707.52,454.00,0.4900
222,45,1128299,2,49,1,70.00,650,45500.00,23205.00,22295.00,11375.00,0.4900
223,46,1128299,6,49,1,65.00,525,34125.00,17403.75,16721.25,13650.00,0.4900
224,46,1128299,6,49,3,44.00,179,7876.00,4016.76,3859.24,331.00,0.4900
225,46,1128299,6,49,2,60.00,152,9120.00,4651.20,4468.80,474.00,0.4900
226,47,1128299,5,49,3,42.00,152,6384.00,3255.84,3128.16,268.00,0.4900
227,47,1128299,5,49,1,65.00,475,30875.00,15746.25,15128.75,10806.00,0.4900
228,47,1128299,5,49,2,64.00,124,7936.00,4047.36,3888.64,373.00,0.4900
229,48,1128299,1,49,3,50.00,152,7600.00,3876.00,3724.00,448.00,0.4900
230,48,1128299,1,49,2,68.00,138,9384.00,4785.84,4598.16,638.00,0.4900
231,48,1128299,1,49,1,75.00,475,35625.00,18168.75,17456.25,19594.00,0.4900
232,49,1128299,4,49,2,78.00,108,8424.00,4296.24,4127.76,286.00,0.4900
233,49,1128299,4,49,3,55.00,128,7040.00,3590.40,3449.60,183.00,0.4900
234,49,1128299,4,49,1,80.00,400,32000.00,16320.00,15680.00,6400.00,0.4900
235,50,1128299,3,49,1,60.00,600,36000.00,18360.00,17640.00,12600.00,0.4900
236,50,1128299,3,49,3,41.00,186,7626.00,3889.26,3736.74,290.00,0.4900
237,50,1128299,3,49,2,56.00,174,9744.00,4969.44,4774.56,468.00,0.4900
238,51,1128299,2,49,3,51.00,180,9180.00,4681.80,4498.20,248.00,0.4900
239,51,1128299,2,49,2,61.00,162,9882.00,5039.82,4842.18,336.00,0.4900
240,51,1128299,2,49,1,65.00,600,39000.00,19890.00,19110.00,7800.00,0.4900
241,52,1128299,6,49,1,60.00,450,27000.00,13770.00,13230.00,9450.00,0.4900
242,52,1128299,6,49,2,57.00,117,6669.00,3401.19,3267.81,333.00,0.4900
243,52,1128299,6,49,3,46.00,144,6624.00,3378.24,3245.76,272.00,0.4900
244,53,1128299,5,49,1,60.00,400,24000.00,12240.00,11760.00,7200.00,0.4900
245,53,1128299,5,49,3,43.00,124,5332.00,2719.32,2612.68,187.00,0.4900
246,53,1128299,5,49,2,58.00,112,6496.00,3312.96,3183.04,286.00,0.4900
247,54,1128299,1,49,2,67.00,120,8040.00,4100.40,3939.60,490.00,0.4900
248,54,1128299,1,49,3,53.00,128,6784.00,3459.84,3324.16,360.00,0.4900
249,54,1128299,1,49,1,70.00,400,28000.00,14280.00,13720.00,14000.00,0.4900
250,55,1128299,4,49,3,54.00,140,7560.00,3855.60,3704.40,159.00,0.4900
251,55,1128299,4,49,1,75.00,450,33750.00,17212.50,16537.50,5063.00,0.4900
252,55,1128299,4,49,2,74.00,113,8362.00,4264.62,4097.38,251.00,0.4900
253,56,1128299,3,49,2,56.00,138,7728.00,3941.28,3786.72,379.00,0.4900
254,56,1128299,3,49,3,47.00,171,8037.00,4098.87,3938.13,321.00,0.4900
255,56,1128299,3,49,1,60.00,550,33000.00,16830.00,16170.00,11550.00,0.4900
256,57,1128299,2,49,1,65.00,550,35750.00,18232.50,17517.50,7150.00,0.4900
257,57,1128299,2,49,2,59.00,165,9735.00,4964.85,4770.15,341.00,0.4900
258,57,1128299,2,49,3,50.00,193,9650.00,4921.50,4728.50,241.00,0.4900
259,58,1128299,6,49,2,54.00,109,5886.00,3001.86,2884.14,265.00,0.4900
260,58,1128299,6,49,3,47.00,113,5311.00,2708.61,2602.39,223.00,0.4900
261,58,1128299,6,49,1,60.00,375,22500.00,11475.00,11025.00,7875.00,0.4900
262,59,1128299,5,49,1,60.00,350,21000.00,10710.00,10290.00,6300.00,0.4900
263,59,1128299,5,49,3,43.00,119,5117.00,2609.67,2507.33,169.00,0.4900
264,59,1128299,5,49,2,54.00,105,5670.00,2891.70,2778.30,238.00,0.4900
265,61,1128299,1,49,3,48.00,107,5136.00,2619.36,2516.64,277.00,0.4900
266,61,1128299,1,49,2,63.00,81,5103.00,2602.53,2500.47,311.00,0.4900
267,61,1128299,1,49,1,70.00,325,22750.00,11602.50,11147.50,11375.00,0.4900
268,62,1128299,4,49,1,75.00,375,28125.00,14343.75,13781.25,4219.00,0.4900
269,62,1128299,4,49,3,53.00,120,6360.00,3243.60,3116.40,140.00,0.4900
270,62,1128299,4,49,2,68.00,94,6392.00,3259.92,3132.08,160.00,0.4900
271,63,1128299,3,49,3,47.00,196,9212.00,4698.12,4513.88,387.00,0.4900
272,63,1128299,3,49,2,57.00,155,8835.00,4505.85,4329.15,424.00,0.4900
273,63,1128299,3,49,1,60.00,575,34500.00,17595.00,16905.00,12075.00,0.4900
274,63,1185732,4,22,3,65.00,1000,65000.00,33150.00,31850.00,16250.00,0.4900
275,63,1185732,4,22,3,44.00,320,14080.00,7180.80,6899.20,408.00,0.4900
276,63,1185732,4,22,2,59.00,290,17110.00,8726.10,8383.90,616.00,0.4900
277,64,1128299,2,49,3,52.00,201,10452.00,5330.52,5121.48,261.00,0.4900
278,64,1128299,2,49,1,65.00,575,37375.00,19061.25,18313.75,7475.00,0.4900
279,64,1128299,2,49,2,64.00,150,9600.00,4896.00,4704.00,326.00,0.4900
280,64,1185732,3,22,3,47.00,400,18800.00,9588.00,9212.00,978.00,0.4900
281,64,1185732,3,22,2,55.00,313,17215.00,8779.65,8435.35,1050.00,0.4900
282,64,1185732,3,22,3,60.00,1250,75000.00,38250.00,36750.00,37500.00,0.4900
283,65,1128299,6,49,3,44.00,140,6160.00,3141.60,3018.40,259.00,0.4900
284,65,1128299,6,49,1,60.00,425,25500.00,13005.00,12495.00,8925.00,0.4900
285,65,1128299,6,49,2,55.00,106,5830.00,2973.30,2856.70,268.00,0.4900
286,65,1185732,2,22,3,55.00,1000,55000.00,28050.00,26950.00,16500.00,0.4900
287,65,1185732,2,22,2,54.00,270,14580.00,7435.80,7144.20,598.00,0.4900
288,65,1185732,2,22,3,41.00,340,13940.00,7109.40,6830.60,474.00,0.4900
289,66,1128299,5,49,3,43.00,132,5676.00,2894.76,2781.24,199.00,0.4900
290,66,1128299,5,49,2,56.00,108,6048.00,3084.48,2963.52,248.00,0.4900
291,66,1128299,5,49,1,60.00,400,24000.00,12240.00,11760.00,7200.00,0.4900
292,66,1185732,6,22,3,37.00,296,10952.00,5585.52,5366.48,449.00,0.4900
293,66,1185732,6,22,2,46.00,278,12788.00,6521.88,6266.12,614.00,0.4900
294,66,1185732,6,22,3,50.00,925,46250.00,23587.50,22662.50,16188.00,0.4900
295,67,1128299,1,49,1,70.00,350,24500.00,12495.00,12005.00,12250.00,0.4900
296,67,1128299,1,49,3,46.00,119,5474.00,2791.74,2682.26,296.00,0.4900
297,67,1128299,1,49,2,64.00,88,5632.00,2872.32,2759.68,360.00,0.4900
298,67,1185732,5,22,2,47.00,261,12267.00,6256.17,6010.83,552.00,0.4900
299,67,1185732,5,22,3,38.00,297,11286.00,5755.86,5530.14,429.00,0.4900
300,67,1185732,5,22,3,50.00,900,45000.00,22950.00,22050.00,15750.00,0.4900
301,68,1128299,4,49,1,75.00,475,35625.00,18168.75,17456.25,5344.00,0.4900
302,68,1128299,4,49,2,68.00,133,9044.00,4612.44,4431.56,235.00,0.4900
303,68,1128299,4,49,3,51.00,162,8262.00,4213.62,4048.38,174.00,0.4900
304,68,1185732,1,22,3,60.00,900,54000.00,27540.00,26460.00,16200.00,0.4900
305,68,1185732,1,22,2,55.00,252,13860.00,7068.60,6791.40,624.00,0.4900
306,68,1185732,1,22,3,45.00,288,12960.00,6609.60,6350.40,441.00,0.4900
307,69,1128299,3,49,3,47.00,216,10152.00,5177.52,4974.48,376.00,0.4900
308,69,1128299,3,49,2,58.00,196,11368.00,5797.68,5570.32,534.00,0.4900
309,69,1128299,3,49,1,60.00,675,40500.00,20655.00,19845.00,14175.00,0.4900
310,69,1185732,4,22,3,46.00,347,15962.00,8140.62,7821.38,511.00,0.4900
311,69,1185732,4,22,2,64.00,305,19520.00,9955.20,9564.80,761.00,0.4900
312,69,1185732,4,22,3,65.00,1050,68250.00,34807.50,33442.50,17063.00,0.4900
313,70,1128299,2,49,1,65.00,675,43875.00,22376.25,21498.75,8775.00,0.4900
314,70,1128299,2,49,3,50.00,209,10450.00,5329.50,5120.50,261.00,0.4900
315,70,1128299,2,49,2,62.00,189,11718.00,5976.18,5741.82,398.00,0.4900
316,70,1185732,3,22,3,44.00,434,19096.00,9738.96,9357.04,993.00,0.4900
317,70,1185732,3,22,2,59.00,319,18821.00,9598.71,9222.29,1129.00,0.4900
318,70,1185732,3,22,3,60.00,1275,76500.00,39015.00,37485.00,38250.00,0.4900
319,71,1128299,6,49,3,47.00,166,7802.00,3979.02,3822.98,328.00,0.4900
320,71,1128299,6,49,1,60.00,475,28500.00,14535.00,13965.00,9975.00,0.4900
321,71,1128299,6,49,2,59.00,119,7021.00,3580.71,3440.29,330.00,0.4900
322,71,1185732,2,22,3,55.00,1025,56375.00,28751.25,27623.75,16913.00,0.4900
323,71,1185732,2,22,3,41.00,318,13038.00,6649.38,6388.62,482.00,0.4900
324,71,1185732,2,22,2,53.00,267,14151.00,7217.01,6933.99,594.00,0.4900
325,72,1128299,5,49,1,60.00,475,28500.00,14535.00,13965.00,8550.00,0.4900
326,72,1128299,5,49,3,40.00,166,6640.00,3386.40,3253.60,239.00,0.4900
327,72,1128299,5,49,2,57.00,133,7581.00,3866.31,3714.69,334.00,0.4900
328,72,1185732,6,22,3,50.00,950,47500.00,24225.00,23275.00,16625.00,0.4900
329,72,1185732,6,22,2,46.00,247,11362.00,5794.62,5567.38,511.00,0.4900
330,72,1185732,6,22,3,35.00,295,10325.00,5265.75,5059.25,434.00,0.4900
331,73,1128299,1,49,1,70.00,400,28000.00,14280.00,13720.00,14000.00,0.4900
332,73,1128299,1,49,2,69.00,112,7728.00,3941.28,3786.72,464.00,0.4900
333,73,1128299,1,49,3,49.00,136,6664.00,3398.64,3265.36,360.00,0.4900
334,73,1185732,5,22,3,50.00,900,45000.00,22950.00,22050.00,15750.00,0.4900
335,73,1185732,5,22,3,35.00,270,9450.00,4819.50,4630.50,350.00,0.4900
336,73,1185732,5,22,2,46.00,243,11178.00,5700.78,5477.22,514.00,0.4900
337,74,1128299,4,49,3,56.00,170,9520.00,4855.20,4664.80,171.00,0.4900
338,74,1128299,4,49,2,74.00,150,11100.00,5661.00,5439.00,300.00,0.4900
339,74,1128299,4,49,1,75.00,500,37500.00,19125.00,18375.00,5625.00,0.4900
340,74,1185732,1,22,2,58.00,231,13398.00,6832.98,6565.02,576.00,0.4900
341,74,1185732,1,22,3,46.00,278,12788.00,6521.88,6266.12,435.00,0.4900
342,74,1185732,1,22,3,60.00,925,55500.00,28305.00,27195.00,16650.00,0.4900
343,75,1128299,3,49,1,30.00,425,12750.00,6502.50,6247.50,4463.00,0.4900
344,75,1128299,3,49,3,20.00,149,2980.00,1519.80,1460.20,119.00,0.4900
345,75,1128299,3,49,2,28.00,123,3444.00,1756.44,1687.56,172.00,0.4900
346,75,1185732,4,22,3,65.00,1100,71500.00,36465.00,35035.00,17875.00,0.4900
347,75,1185732,4,22,3,47.00,352,16544.00,8437.44,8106.56,447.00,0.4900
348,75,1185732,4,22,2,61.00,286,17446.00,8897.46,8548.54,698.00,0.4900
349,76,1128299,2,49,2,38.00,123,4674.00,2383.74,2290.26,154.00,0.4900
350,76,1128299,2,49,3,31.00,145,4495.00,2292.45,2202.55,112.00,0.4900
351,76,1128299,2,49,1,40.00,425,17000.00,8670.00,8330.00,3400.00,0.4900
352,76,1185732,3,22,2,58.00,325,18850.00,9613.50,9236.50,1150.00,0.4900
353,76,1185732,3,22,3,41.00,375,15375.00,7841.25,7533.75,800.00,0.4900
354,76,1185732,3,22,3,60.00,1250,75000.00,38250.00,36750.00,37500.00,0.4900
355,77,1128299,6,49,1,40.00,425,17000.00,8670.00,8330.00,5950.00,0.4900
356,77,1128299,6,49,3,26.00,128,3328.00,1697.28,1630.72,140.00,0.4900
357,77,1128299,6,49,2,39.00,115,4485.00,2287.35,2197.65,206.00,0.4900
358,77,1185732,2,22,3,55.00,1025,56375.00,28751.25,27623.75,16913.00,0.4900
359,77,1185732,2,22,3,37.00,359,13283.00,6774.33,6508.67,452.00,0.4900
360,77,1185732,2,22,2,53.00,308,16324.00,8325.24,7998.76,669.00,0.4900
361,78,1128299,5,49,2,38.00,72,2736.00,1395.36,1340.64,123.00,0.4900
362,78,1128299,5,49,3,26.00,96,2496.00,1272.96,1223.04,85.00,0.4900
363,78,1128299,5,49,1,40.00,275,11000.00,5610.00,5390.00,3300.00,0.4900
364,78,1185732,6,22,2,45.00,257,11565.00,5898.15,5666.85,532.00,0.4900
365,78,1185732,6,22,3,37.00,314,11618.00,5925.18,5692.82,430.00,0.4900
366,78,1185732,6,22,3,50.00,950,47500.00,24225.00,23275.00,16625.00,0.4900
367,79,1128299,1,46,2,41.00,56,2296.00,1170.96,1125.04,147.00,0.4900
368,79,1128299,1,46,1,45.00,225,10125.00,5163.75,4961.25,5063.00,0.4900
369,80,1128299,4,46,1,40.00,475,19000.00,9690.00,9310.00,2850.00,0.4900
370,80,1128299,4,46,2,37.00,128,4736.00,2415.36,2320.64,123.00,0.4900
371,81,1128299,3,46,1,30.00,525,15750.00,8032.50,7717.50,5513.00,0.4900
372,81,1128299,3,46,2,27.00,131,3537.00,1803.87,1733.13,170.00,0.4900
373,82,1128299,2,46,1,40.00,425,17000.00,8670.00,8330.00,3400.00,0.4900
374,82,1128299,2,46,2,38.00,111,4218.00,2151.18,2066.82,127.00,0.4900
375,83,1128299,6,46,2,38.00,123,4674.00,2383.74,2290.26,234.00,0.4900
376,83,1128299,6,46,1,40.00,425,17000.00,8670.00,8330.00,5950.00,0.4900
377,84,1128299,5,46,1,40.00,275,11000.00,5610.00,5390.00,3300.00,0.4900
378,84,1128299,5,46,2,36.00,72,2592.00,1321.92,1270.08,117.00,0.4900
379,85,1128299,1,46,2,43.00,58,2494.00,1271.94,1222.06,155.00,0.4900
380,85,1128299,1,46,1,45.00,200,9000.00,4590.00,4410.00,4500.00,0.4900
381,86,1128299,4,46,1,40.00,400,16000.00,8160.00,7840.00,2400.00,0.4900
382,86,1128299,4,46,2,37.00,116,4292.00,2188.92,2103.08,116.00,0.4900
383,87,1128299,3,46,2,37.00,165,6105.00,3113.55,2991.45,293.00,0.4900
384,87,1128299,3,46,1,40.00,550,22000.00,11220.00,10780.00,7700.00,0.4900
385,88,1128299,2,46,2,48.00,112,5376.00,2741.76,2634.24,183.00,0.4900
386,88,1128299,2,46,1,50.00,400,20000.00,10200.00,9800.00,4000.00,0.4900
387,89,1128299,6,46,1,55.00,400,22000.00,11220.00,10780.00,7700.00,0.4900
388,89,1128299,6,46,2,51.00,116,5916.00,3017.16,2898.84,290.00,0.4900
389,90,1128299,5,46,2,51.00,90,4590.00,2340.90,2249.10,197.00,0.4900
390,90,1128299,5,46,1,55.00,300,16500.00,8415.00,8085.00,4950.00,0.4900
391,91,1128299,1,46,2,56.00,39,2184.00,1113.84,1070.16,131.00,0.4900
392,91,1128299,1,46,1,60.00,150,9000.00,4590.00,4410.00,4500.00,0.4900
393,91,1185732,5,22,3,40.00,324,12960.00,6609.60,6350.40,518.00,0.4900
394,91,1185732,5,22,2,47.00,241,11327.00,5776.77,5550.23,532.00,0.4900
395,91,1185732,5,22,3,50.00,925,46250.00,23587.50,22662.50,16188.00,0.4900
396,92,1128299,4,46,1,55.00,350,19250.00,9817.50,9432.50,2888.00,0.4900
397,92,1128299,4,46,2,52.00,95,4940.00,2519.40,2420.60,143.00,0.4900
398,93,1128299,3,46,1,60.00,525,31500.00,16065.00,15435.00,11025.00,0.4900
399,93,1128299,3,46,2,55.00,131,7205.00,3674.55,3530.45,339.00,0.4900
400,94,1128299,2,46,2,59.00,94,5546.00,2828.46,2717.54,194.00,0.4900
401,94,1128299,2,46,1,65.00,325,21125.00,10773.75,10351.25,4225.00,0.4900
402,95,1128299,6,46,1,65.00,375,24375.00,12431.25,11943.75,8531.00,0.4900
403,95,1128299,6,46,2,61.00,113,6893.00,3515.43,3377.57,345.00,0.4900
404,96,1128299,5,46,2,56.00,74,4144.00,2113.44,2030.56,178.00,0.4900
405,96,1128299,5,46,1,60.00,275,16500.00,8415.00,8085.00,4950.00,0.4900
406,97,1128299,1,46,1,65.00,175,11375.00,5801.25,5573.75,5688.00,0.4900
407,97,1128299,1,46,2,62.00,44,2728.00,1391.28,1336.72,166.00,0.4900
408,98,1128299,4,46,2,72.00,98,7056.00,3598.56,3457.44,176.00,0.4900
409,98,1128299,4,46,1,80.00,325,26000.00,13260.00,12740.00,3900.00,0.4900
410,99,1128299,3,46,2,55.00,131,7205.00,3674.55,3530.45,440.00,0.4900
411,99,1128299,3,46,1,60.00,525,31500.00,16065.00,15435.00,15750.00,0.4900
412,100,1128299,2,46,1,65.00,375,24375.00,12431.25,11943.75,8531.00,0.4900
413,100,1128299,2,46,2,60.00,105,6300.00,3213.00,3087.00,290.00,0.4900
414,101,1128299,6,46,2,59.00,98,5782.00,2948.82,2833.18,347.00,0.4900
415,101,1128299,6,46,1,65.00,375,24375.00,12431.25,11943.75,12188.00,0.4900
416,102,1128299,5,46,1,60.00,275,16500.00,8415.00,8085.00,7425.00,0.4900
417,102,1128299,5,46,2,58.00,69,4002.00,2041.02,1960.98,236.00,0.4900
418,103,1128299,1,46,2,63.00,44,2772.00,1413.72,1358.28,211.00,0.4900
419,103,1128299,1,46,1,65.00,175,11375.00,5801.25,5573.75,7394.00,0.4900
420,104,1128299,4,46,1,80.00,475,38000.00,19380.00,18620.00,11400.00,0.4900
421,104,1128299,4,46,2,74.00,133,9842.00,5019.42,4822.58,423.00,0.4900
422,105,1128299,3,46,1,60.00,725,43500.00,22185.00,21315.00,21750.00,0.4900
423,105,1128299,3,46,2,54.00,189,10206.00,5205.06,5000.94,653.00,0.4900
424,106,1128299,2,46,2,59.00,144,8496.00,4332.96,4163.04,425.00,0.4900
425,106,1128299,2,46,1,65.00,575,37375.00,19061.25,18313.75,13081.00,0.4900
426,107,1128299,6,46,1,65.00,575,37375.00,19061.25,18313.75,18688.00,0.4900
427,107,1128299,6,46,2,64.00,150,9600.00,4896.00,4704.00,614.00,0.4900
428,108,1128299,5,46,2,62.00,135,8370.00,4268.70,4101.30,502.00,0.4900
429,108,1128299,5,46,1,65.00,450,29250.00,14917.50,14332.50,13163.00,0.4900
430,108,1185732,1,22,3,43.00,279,11997.00,6118.47,5878.53,396.00,0.4900
431,108,1185732,1,22,2,54.00,270,14580.00,7435.80,7144.20,656.00,0.4900
432,108,1185732,1,22,3,60.00,900,54000.00,27540.00,26460.00,16200.00,0.4900
433,109,1128299,1,46,1,70.00,325,22750.00,11602.50,11147.50,14788.00,0.4900
434,109,1128299,1,46,2,66.00,91,6006.00,3063.06,2942.94,462.00,0.4900
435,109,1185732,4,22,3,65.00,1075,69875.00,35636.25,34238.75,17469.00,0.4900
436,109,1185732,4,22,3,48.00,355,17040.00,8690.40,8349.60,511.00,0.4900
437,109,1185732,4,22,2,62.00,290,17980.00,9169.80,8810.20,665.00,0.4900
438,110,1128299,4,46,1,85.00,625,53125.00,27093.75,26031.25,15938.00,0.4900
439,110,1128299,4,46,2,83.00,181,15023.00,7661.73,7361.27,646.00,0.4900
440,110,1185732,3,22,2,56.00,360,20160.00,10281.60,9878.40,1250.00,0.4900
441,110,1185732,3,22,3,39.00,408,15912.00,8115.12,7796.88,875.00,0.4900
442,110,1185732,3,22,3,60.00,1200,72000.00,36720.00,35280.00,36000.00,0.4900
443,111,1128299,3,46,2,64.00,202,12928.00,6593.28,6334.72,776.00,0.4900
444,111,1128299,3,46,1,65.00,775,50375.00,25691.25,24683.75,22669.00,0.4900
445,111,1185732,2,22,3,55.00,1000,55000.00,28050.00,26950.00,16500.00,0.4900
446,111,1185732,2,22,3,43.00,350,15050.00,7675.50,7374.50,497.00,0.4900
447,111,1185732,2,22,2,50.00,270,13500.00,6885.00,6615.00,594.00,0.4900
448,112,1128299,2,46,1,70.00,625,43750.00,22312.50,21437.50,13125.00,0.4900
449,112,1128299,2,46,2,67.00,188,12596.00,6423.96,6172.04,504.00,0.4900
450,112,1185732,6,22,2,47.00,268,12596.00,6423.96,6172.04,592.00,0.4900
451,112,1185732,6,22,3,36.00,315,11340.00,5783.40,5556.60,442.00,0.4900
452,112,1185732,6,22,3,50.00,925,46250.00,23587.50,22662.50,16188.00,0.4900
453,113,1128299,6,46,2,67.00,161,10787.00,5501.37,5285.63,593.00,0.4900
454,113,1128299,6,46,1,70.00,575,40250.00,20527.50,19722.50,18113.00,0.4900
455,113,1185732,5,22,3,50.00,900,45000.00,22950.00,22050.00,15750.00,0.4900
456,113,1185732,5,22,3,34.00,306,10404.00,5306.04,5097.96,406.00,0.4900
457,113,1185732,5,22,2,47.00,252,11844.00,6040.44,5803.56,545.00,0.4900
458,114,1128299,5,46,1,65.00,475,30875.00,15746.25,15128.75,12350.00,0.4900
459,114,1128299,5,46,2,61.00,143,8723.00,4448.73,4274.27,454.00,0.4900
460,114,1185732,1,22,2,58.00,252,14616.00,7454.16,7161.84,585.00,0.4900
461,114,1185732,1,22,3,44.00,315,13860.00,7068.60,6791.40,513.00,0.4900
462,114,1185732,1,22,3,60.00,900,54000.00,27540.00,26460.00,16200.00,0.4900
463,115,1128299,1,46,2,67.00,131,8777.00,4476.27,4300.73,614.00,0.4900
464,115,1128299,1,46,1,70.00,525,36750.00,18742.50,18007.50,22050.00,0.4900
465,115,1185732,2,35,1,45.00,725,32625.00,16638.75,15986.25,11419.00,0.4900
466,115,1185732,5,35,1,40.00,650,26000.00,13260.00,12740.00,7800.00,0.4900
467,115,1185732,6,35,1,50.00,750,37500.00,19125.00,18375.00,9375.00,0.4900
468,115,1185732,1,35,1,55.00,675,37125.00,18933.75,18191.25,12994.00,0.4900
469,115,1185732,4,35,1,45.00,800,36000.00,18360.00,17640.00,18000.00,0.4900
470,115,1185732,2,35,1,55.00,775,42625.00,21738.75,20886.25,14919.00,0.4900
471,115,1185732,5,35,1,50.00,700,35000.00,17850.00,17150.00,10500.00,0.4900
472,115,1185732,4,35,1,65.00,825,53625.00,27348.75,26276.25,26813.00,0.4900
473,115,1185732,2,35,1,55.00,825,45375.00,23141.25,22233.75,15881.00,0.4900
474,115,1185732,6,35,1,35.00,725,25375.00,12941.25,12433.75,6344.00,0.4900
475,115,1185732,1,35,1,60.00,725,43500.00,22185.00,21315.00,15225.00,0.4900
476,115,1185732,6,35,2,47.00,188,8836.00,4506.36,4329.64,327.00,0.4900
477,115,1185732,5,35,2,49.00,175,8575.00,4373.25,4201.75,369.00,0.4900
478,115,1185732,3,35,1,55.00,1070,58850.00,30013.50,28836.50,26483.00,0.4900
479,115,1185732,4,22,3,65.00,1000,65000.00,33150.00,31850.00,16250.00,0.4900
480,115,1185732,3,35,1,45.00,1025,46125.00,23523.75,22601.25,20756.00,0.4900
481,115,1185732,3,35,1,60.00,1075,64500.00,32895.00,31605.00,29025.00,0.4900
482,115,1185732,4,35,2,64.00,248,15872.00,8094.72,7777.28,1016.00,0.4900
483,115,1185732,3,35,2,42.00,256,10752.00,5483.52,5268.48,624.00,0.4900
484,115,1185732,2,35,2,41.00,210,8610.00,4391.10,4218.90,431.00,0.4900
485,115,1185732,1,35,2,58.00,196,11368.00,5797.68,5570.32,534.00,0.4900
486,115,1185732,1,35,2,52.00,196,10192.00,5197.92,4994.08,459.00,0.4900
487,115,1185732,5,35,2,38.00,189,7182.00,3662.82,3519.18,323.00,0.4900
488,115,1185732,2,35,2,54.00,194,10476.00,5342.76,5133.24,524.00,0.4900
489,115,1185732,4,35,2,44.00,208,9152.00,4667.52,4484.48,549.00,0.4900
490,115,1185732,3,35,2,52.00,300,15600.00,7956.00,7644.00,874.00,0.4900
491,115,1185732,4,22,3,45.00,350,15750.00,8032.50,7717.50,473.00,0.4900
492,115,1185732,2,35,2,54.00,206,11124.00,5673.24,5450.76,545.00,0.4900
493,115,1185732,4,22,2,59.00,280,16520.00,8425.20,8094.80,661.00,0.4900
494,115,1185732,3,35,2,55.00,290,15950.00,8134.50,7815.50,941.00,0.4900
495,115,1185732,6,35,2,32.00,203,6496.00,3312.96,3183.04,260.00,0.4900
496,116,1128299,4,46,2,78.00,137,10686.00,5449.86,5236.14,427.00,0.4900
497,116,1128299,4,46,1,85.00,525,44625.00,22758.75,21866.25,11156.00,0.4900
498,116,1185732,1,22,2,64.00,236,15104.00,7703.04,7400.96,634.00,0.4900
499,116,1185732,1,22,3,51.00,289,14739.00,7516.89,7222.11,472.00,0.4900
500,116,1185732,1,22,3,65.00,875,56875.00,29006.25,27868.75,17063.00,0.4900
501,117,1128299,3,46,1,70.00,725,50750.00,25882.50,24867.50,22838.00,0.4900
502,117,1128299,3,46,2,63.00,196,12348.00,6297.48,6050.52,729.00,0.4900
503,117,1185732,4,22,3,50.00,330,16500.00,8415.00,8085.00,462.00,0.4900
504,117,1185732,4,22,2,68.00,290,19720.00,10057.20,9662.80,749.00,0.4900
505,117,1185732,4,22,3,70.00,1000,70000.00,35700.00,34300.00,17500.00,0.4900
506,118,1128299,2,46,2,73.00,189,13797.00,7036.47,6760.53,579.00,0.4900
507,118,1128299,2,46,1,75.00,675,50625.00,25818.75,24806.25,15188.00,0.4900
508,118,1185732,3,22,3,65.00,1150,74750.00,38122.50,36627.50,37375.00,0.4900
509,118,1185732,3,22,3,46.00,403,18538.00,9454.38,9083.62,1038.00,0.4900
510,118,1185732,3,22,2,60.00,299,17940.00,9149.40,8790.60,1076.00,0.4900
511,119,1128299,6,46,1,70.00,550,38500.00,19635.00,18865.00,17325.00,0.4900
512,119,1128299,6,46,2,67.00,143,9581.00,4886.31,4694.69,546.00,0.4900
513,119,1185732,2,22,2,53.00,273,14469.00,7379.19,7089.81,622.00,0.4900
514,119,1185732,2,22,3,40.00,312,12480.00,6364.80,6115.20,449.00,0.4900
515,119,1185732,2,22,3,55.00,975,53625.00,27348.75,26276.25,16088.00,0.4900
516,120,1128299,5,46,2,63.00,135,8505.00,4337.55,4167.45,459.00,0.4900
517,120,1128299,5,46,1,70.00,500,35000.00,17850.00,17150.00,14000.00,0.4900
518,120,1185732,6,22,3,55.00,920,50600.00,25806.00,24794.00,17710.00,0.4900
519,120,1185732,6,22,3,43.00,294,12642.00,6447.42,6194.58,531.00,0.4900
520,120,1185732,6,22,2,52.00,258,13416.00,6842.16,6573.84,644.00,0.4900
521,121,1128299,1,46,1,75.00,500,37500.00,19125.00,18375.00,22500.00,0.4900
522,121,1128299,1,46,2,74.00,140,10360.00,5283.60,5076.40,756.00,0.4900
523,121,1185732,5,22,3,41.00,270,11070.00,5645.70,5424.30,410.00,0.4900
524,121,1185732,5,22,2,50.00,252,12600.00,6426.00,6174.00,617.00,0.4900
525,121,1185732,5,22,3,55.00,900,49500.00,25245.00,24255.00,17325.00,0.4900
526,122,1128299,4,46,2,74.00,100,7400.00,3774.00,3626.00,259.00,0.4900
527,122,1128299,4,46,1,80.00,400,32000.00,16320.00,15680.00,8000.00,0.4900
528,122,1185732,1,22,3,65.00,875,56875.00,29006.25,27868.75,17063.00,0.4900
529,122,1185732,1,22,2,64.00,254,16256.00,8290.56,7965.44,683.00,0.4900
530,122,1185732,1,22,3,47.00,280,13160.00,6711.60,6448.40,474.00,0.4900
531,123,1128299,3,46,1,65.00,600,39000.00,19890.00,19110.00,15600.00,0.4900
532,123,1128299,3,46,2,59.00,162,9558.00,4874.58,4683.42,507.00,0.4900
533,123,1185732,4,22,2,66.00,263,17358.00,8852.58,8505.42,642.00,0.4900
534,123,1185732,4,22,3,53.00,322,17066.00,8703.66,8362.34,478.00,0.4900
535,123,1185732,4,22,3,70.00,975,68250.00,34807.50,33442.50,17063.00,0.4900
536,124,1128299,2,46,2,69.00,168,11592.00,5911.92,5680.08,417.00,0.4900
537,124,1128299,2,46,1,70.00,600,42000.00,21420.00,20580.00,10500.00,0.4900
538,124,1185732,3,22,3,65.00,1200,78000.00,39780.00,38220.00,39000.00,0.4900
539,124,1185732,3,22,3,48.00,420,20160.00,10281.60,9878.40,1129.00,0.4900
540,124,1185732,3,22,2,62.00,312,19344.00,9865.44,9478.56,1238.00,0.4900
541,125,1128299,6,46,1,65.00,450,29250.00,14917.50,14332.50,11700.00,0.4900
542,125,1128299,6,46,2,60.00,113,6780.00,3457.80,3322.20,339.00,0.4900
543,125,1185732,2,22,2,51.00,300,15300.00,7803.00,7497.00,643.00,0.4900
544,125,1185732,2,22,3,43.00,310,13330.00,6798.30,6531.70,467.00,0.4900
545,125,1185732,2,22,3,55.00,1000,55000.00,28050.00,26950.00,16500.00,0.4900
546,126,1128299,5,46,2,59.00,100,5900.00,3009.00,2891.00,283.00,0.4900
547,126,1128299,5,46,1,65.00,400,26000.00,13260.00,12740.00,9100.00,0.4900
548,126,1185732,6,22,3,42.00,333,13986.00,7132.86,6853.14,559.00,0.4900
549,126,1185732,6,22,2,54.00,285,15390.00,7848.90,7541.10,723.00,0.4900
550,126,1185732,6,22,3,55.00,950,52250.00,26647.50,25602.50,18288.00,0.4900
551,127,1128299,1,46,2,74.00,120,8880.00,4528.80,4351.20,613.00,0.4900
552,127,1128299,1,46,1,75.00,400,30000.00,15300.00,14700.00,16500.00,0.4900
553,127,1185732,5,22,3,55.00,900,49500.00,25245.00,24255.00,17325.00,0.4900
554,127,1185732,5,22,2,54.00,225,12150.00,6196.50,5953.50,559.00,0.4900
555,127,1185732,5,22,3,41.00,306,12546.00,6398.46,6147.54,502.00,0.4900
556,128,1128299,4,46,1,70.00,425,29750.00,15172.50,14577.50,5950.00,0.4900
557,128,1128299,4,46,2,65.00,106,6890.00,3513.90,3376.10,214.00,0.4900
558,128,1185732,1,22,3,48.00,279,13392.00,6829.92,6562.08,496.00,0.4900
559,128,1185732,1,22,2,60.00,261,15660.00,7986.60,7673.40,673.00,0.4900
560,128,1185732,1,22,3,65.00,900,58500.00,29835.00,28665.00,17550.00,0.4900
561,129,1128299,3,46,1,55.00,525,28875.00,14726.25,14148.75,11550.00,0.4900
562,129,1128299,3,46,2,51.00,137,6987.00,3563.37,3423.63,349.00,0.4900
563,130,1128299,2,46,2,54.00,152,8208.00,4186.08,4021.92,287.00,0.4900
564,130,1128299,2,46,1,60.00,525,31500.00,16065.00,15435.00,7875.00,0.4900
565,131,1128299,6,46,2,51.00,102,5202.00,2653.02,2548.98,260.00,0.4900
566,131,1128299,6,46,1,55.00,350,19250.00,9817.50,9432.50,7700.00,0.4900
567,132,1128299,5,46,1,55.00,325,17875.00,9116.25,8758.75,6256.00,0.4900
568,132,1128299,5,46,2,53.00,85,4505.00,2297.55,2207.45,207.00,0.4900
569,133,1128299,1,46,2,64.00,75,4800.00,2448.00,2352.00,317.00,0.4900
570,133,1128299,1,46,1,65.00,300,19500.00,9945.00,9555.00,10725.00,0.4900
571,134,1128299,4,46,1,70.00,350,24500.00,12495.00,12005.00,4900.00,0.4900
572,134,1128299,4,46,2,65.00,105,6825.00,3480.75,3344.25,205.00,0.4900
573,135,1128299,3,46,2,52.00,150,7800.00,3978.00,3822.00,429.00,0.4900
574,135,1128299,3,46,1,55.00,575,31625.00,16128.75,15496.25,12650.00,0.4900
575,136,1128299,2,46,1,60.00,575,34500.00,17595.00,16905.00,8625.00,0.4900
576,136,1128299,2,46,2,55.00,150,8250.00,4207.50,4042.50,305.00,0.4900
577,137,1128299,6,46,1,55.00,425,23375.00,11921.25,11453.75,9350.00,0.4900
578,137,1128299,6,46,2,51.00,128,6528.00,3329.28,3198.72,346.00,0.4900
579,138,1128299,5,46,2,60.00,116,6960.00,3549.60,3410.40,334.00,0.4900
580,138,1128299,5,46,1,65.00,400,26000.00,13260.00,12740.00,9100.00,0.4900
581,139,1128299,1,46,1,75.00,375,28125.00,14343.75,13781.25,15469.00,0.4900
582,139,1128299,1,46,2,68.00,105,7140.00,3641.40,3498.60,493.00,0.4900
583,140,1128299,4,46,1,80.00,500,40000.00,20400.00,19600.00,8000.00,0.4900
584,140,1128299,4,46,2,73.00,130,9490.00,4839.90,4650.10,294.00,0.4900
585,141,1128299,3,46,1,65.00,700,45500.00,23205.00,22295.00,18200.00,0.4900
586,141,1128299,3,46,2,59.00,203,11977.00,6108.27,5868.73,623.00,0.4900
587,142,1128299,2,46,2,64.00,182,11648.00,5940.48,5707.52,443.00,0.4900
588,142,1128299,2,46,1,70.00,700,49000.00,24990.00,24010.00,12250.00,0.4900
589,143,1128299,6,46,1,65.00,500,32500.00,16575.00,15925.00,13000.00,0.4900
590,143,1128299,6,46,2,60.00,125,7500.00,3825.00,3675.00,413.00,0.4900
591,144,1128299,5,46,2,63.00,125,7875.00,4016.25,3858.75,354.00,0.4900
592,144,1128299,5,46,1,65.00,500,32500.00,16575.00,15925.00,11375.00,0.4900
593,145,1128299,1,46,1,75.00,425,31875.00,16256.25,15618.75,17531.00,0.4900
594,145,1128299,1,46,2,68.00,115,7820.00,3988.20,3831.80,524.00,0.4900
595,145,1185732,5,35,1,55.00,775,42625.00,21738.75,20886.25,12788.00,0.4900
596,145,1185732,6,35,1,55.00,825,45375.00,23141.25,22233.75,11344.00,0.4900
597,145,1185732,1,35,1,65.00,775,50375.00,25691.25,24683.75,17631.00,0.4900
598,145,1185732,4,35,2,64.00,219,14016.00,7148.16,6867.84,883.00,0.4900
599,145,1185732,3,35,2,63.00,323,20349.00,10377.99,9971.01,1140.00,0.4900
600,145,1185732,1,35,2,60.00,202,12120.00,6181.20,5938.80,594.00,0.4900
601,145,1185732,2,35,2,51.00,254,12954.00,6606.54,6347.46,609.00,0.4900
602,145,1185732,5,35,2,54.00,209,11286.00,5755.86,5530.14,485.00,0.4900
603,145,1185732,6,35,2,52.00,248,12896.00,6576.96,6319.04,477.00,0.4900
604,145,1185732,2,35,1,55.00,875,48125.00,24543.75,23581.25,16844.00,0.4900
605,145,1185732,4,35,1,70.00,875,61250.00,31237.50,30012.50,30625.00,0.4900
606,145,1185732,3,35,1,65.00,1075,69875.00,35636.25,34238.75,31444.00,0.4900
607,146,1128299,4,46,2,75.00,137,10275.00,5240.25,5034.75,339.00,0.4900
608,146,1128299,4,46,1,80.00,525,42000.00,21420.00,20580.00,8400.00,0.4900
609,147,1128299,3,46,1,40.00,450,18000.00,9180.00,8820.00,5400.00,0.4900
610,147,1128299,3,46,2,36.00,117,4212.00,2148.12,2063.88,173.00,0.4900
611,148,1128299,2,46,1,50.00,450,22500.00,11475.00,11025.00,5625.00,0.4900
612,148,1128299,2,46,2,48.00,131,6288.00,3206.88,3081.12,252.00,0.4900
613,149,1128299,6,46,2,46.00,135,6210.00,3167.10,3042.90,217.00,0.4900
614,149,1128299,6,46,1,50.00,450,22500.00,11475.00,11025.00,5625.00,0.4900
615,150,1128299,5,46,2,49.00,78,3822.00,1949.22,1872.78,157.00,0.4900
616,150,1128299,5,46,1,50.00,300,15000.00,7650.00,7350.00,4500.00,0.4900
617,151,1128299,1,53,1,55.00,250,13750.00,7012.50,6737.50,3438.00,0.4900
618,151,1128299,1,53,2,51.00,73,3723.00,1898.73,1824.27,145.00,0.4900
619,152,1128299,4,53,1,50.00,500,25000.00,12750.00,12250.00,5000.00,0.4900
620,152,1128299,4,53,2,46.00,125,5750.00,2932.50,2817.50,178.00,0.4900
621,153,1128299,3,53,2,36.00,138,4968.00,2533.68,2434.32,214.00,0.4900
622,153,1128299,3,53,1,40.00,550,22000.00,11220.00,10780.00,6600.00,0.4900
623,154,1128299,2,53,1,50.00,450,22500.00,11475.00,11025.00,5625.00,0.4900
624,154,1128299,2,53,2,47.00,131,6157.00,3140.07,3016.93,240.00,0.4900
625,155,1128299,6,53,2,47.00,122,5734.00,2924.34,2809.66,224.00,0.4900
626,155,1128299,6,53,1,50.00,450,22500.00,11475.00,11025.00,5625.00,0.4900
627,156,1128299,5,53,1,50.00,300,15000.00,7650.00,7350.00,4500.00,0.4900
628,156,1128299,5,53,2,48.00,87,4176.00,2129.76,2046.24,175.00,0.4900
629,157,1128299,1,53,2,52.00,65,3380.00,1723.80,1656.20,135.00,0.4900
630,157,1128299,1,53,1,55.00,225,12375.00,6311.25,6063.75,3094.00,0.4900
631,158,1128299,4,53,1,50.00,425,21250.00,10837.50,10412.50,4250.00,0.4900
632,158,1128299,4,53,2,46.00,123,5658.00,2885.58,2772.42,175.00,0.4900
633,159,1128299,3,53,1,50.00,575,28750.00,14662.50,14087.50,8625.00,0.4900
634,159,1128299,3,53,2,46.00,167,7682.00,3917.82,3764.18,346.00,0.4900
635,160,1128299,2,53,1,60.00,425,25500.00,13005.00,12495.00,6375.00,0.4900
636,160,1128299,2,53,2,58.00,115,6670.00,3401.70,3268.30,240.00,0.4900
637,161,1128299,6,53,2,60.00,115,6900.00,3519.00,3381.00,276.00,0.4900
638,161,1128299,6,53,1,65.00,425,27625.00,14088.75,13536.25,6906.00,0.4900
639,162,1128299,5,53,1,65.00,325,21125.00,10773.75,10351.25,6338.00,0.4900
640,162,1128299,5,53,2,64.00,85,5440.00,2774.40,2665.60,228.00,0.4900
641,163,1128299,1,53,1,70.00,175,12250.00,6247.50,6002.50,3063.00,0.4900
642,163,1128299,1,53,2,69.00,46,3174.00,1618.74,1555.26,121.00,0.4900
643,164,1128299,4,53,2,62.00,105,6510.00,3320.10,3189.90,221.00,0.4900
644,164,1128299,4,53,1,65.00,375,24375.00,12431.25,11943.75,4875.00,0.4900
645,165,1128299,3,53,1,70.00,550,38500.00,19635.00,18865.00,11550.00,0.4900
646,165,1128299,3,53,2,68.00,160,10880.00,5548.80,5331.20,479.00,0.4900
647,166,1128299,2,53,1,75.00,350,26250.00,13387.50,12862.50,6563.00,0.4900
648,166,1128299,2,53,2,71.00,88,6248.00,3186.48,3061.52,244.00,0.4900
649,167,1128299,6,53,2,74.00,120,8880.00,4528.80,4351.20,346.00,0.4900
650,167,1128299,6,53,1,75.00,400,30000.00,15300.00,14700.00,7500.00,0.4900
651,168,1128299,5,53,1,60.00,300,18000.00,9180.00,8820.00,5400.00,0.4900
652,168,1128299,5,53,2,55.00,90,4950.00,2524.50,2425.50,208.00,0.4900
653,169,1128299,1,53,2,59.00,56,3304.00,1685.04,1618.96,132.00,0.4900
654,169,1128299,1,53,1,65.00,200,13000.00,6630.00,6370.00,3250.00,0.4900
655,170,1128299,4,53,1,80.00,350,28000.00,14280.00,13720.00,5600.00,0.4900
656,170,1128299,4,53,2,78.00,88,6864.00,3500.64,3363.36,220.00,0.4900
657,171,1128299,3,53,2,55.00,165,9075.00,4628.25,4446.75,372.00,0.4900
658,171,1128299,3,53,1,60.00,550,33000.00,16830.00,16170.00,9900.00,0.4900
659,172,1128299,2,53,1,65.00,400,26000.00,13260.00,12740.00,6500.00,0.4900
660,172,1128299,2,53,2,60.00,108,6480.00,3304.80,3175.20,246.00,0.4900
661,173,1128299,6,53,2,61.00,120,7320.00,3733.20,3586.80,278.00,0.4900
662,173,1128299,6,53,1,65.00,400,26000.00,13260.00,12740.00,6500.00,0.4900
663,174,1128299,5,53,1,60.00,300,18000.00,9180.00,8820.00,5400.00,0.4900
664,174,1128299,5,53,2,59.00,90,5310.00,2708.10,2601.90,234.00,0.4900
665,175,1128299,1,53,1,65.00,200,13000.00,6630.00,6370.00,3250.00,0.4900
666,175,1128299,1,53,2,60.00,52,3120.00,1591.20,1528.80,119.00,0.4900
667,176,1128299,4,53,2,75.00,125,9375.00,4781.25,4593.75,309.00,0.4900
668,176,1128299,4,53,1,80.00,500,40000.00,20400.00,19600.00,8000.00,0.4900
669,177,1128299,3,53,1,75.00,750,56250.00,28687.50,27562.50,16875.00,0.4900
670,177,1128299,3,53,2,71.00,195,13845.00,7060.95,6784.05,581.00,0.4900
671,178,1128299,2,53,2,74.00,188,13912.00,7095.12,6816.88,515.00,0.4900
672,178,1128299,2,53,1,80.00,625,50000.00,25500.00,24500.00,12500.00,0.4900
673,179,1128299,6,53,1,80.00,625,50000.00,25500.00,24500.00,12500.00,0.4900
674,179,1128299,6,53,2,72.00,163,11736.00,5985.36,5750.64,446.00,0.4900
675,180,1128299,5,53,2,75.00,125,9375.00,4781.25,4593.75,375.00,0.4900
676,180,1128299,5,53,1,80.00,500,40000.00,20400.00,19600.00,12000.00,0.4900
677,181,1128299,1,53,2,82.00,105,8610.00,4391.10,4218.90,336.00,0.4900
678,181,1128299,1,53,1,85.00,375,31875.00,16256.25,15618.75,7969.00,0.4900
679,182,1128299,4,53,1,100.00,675,67500.00,34425.00,33075.00,13500.00,0.4900
680,182,1128299,4,53,2,98.00,182,17836.00,9096.36,8739.64,606.00,0.4900
681,183,1128299,3,53,2,73.00,239,17447.00,8897.97,8549.03,698.00,0.4900
682,183,1128299,3,53,1,80.00,825,66000.00,33660.00,32340.00,19800.00,0.4900
683,184,1128299,2,53,1,85.00,675,57375.00,29261.25,28113.75,14344.00,0.4900
684,184,1128299,2,53,2,82.00,182,14924.00,7611.24,7312.76,537.00,0.4900
685,185,1128299,6,53,1,85.00,625,53125.00,27093.75,26031.25,13281.00,0.4900
686,185,1128299,6,53,2,78.00,175,13650.00,6961.50,6688.50,478.00,0.4900
687,186,1128299,5,53,2,78.00,137,10686.00,5449.86,5236.14,438.00,0.4900
688,186,1128299,5,53,1,80.00,525,42000.00,21420.00,20580.00,12600.00,0.4900
689,187,1128299,1,53,1,85.00,575,48875.00,24926.25,23948.75,12219.00,0.4900
690,187,1128299,1,53,2,77.00,144,11088.00,5654.88,5433.12,388.00,0.4900
691,188,1128299,4,53,2,95.00,155,14725.00,7509.75,7215.25,515.00,0.4900
692,188,1128299,4,53,1,100.00,575,57500.00,29325.00,28175.00,11500.00,0.4900
693,189,1128299,3,53,1,85.00,775,65875.00,33596.25,32278.75,19763.00,0.4900
694,189,1128299,3,53,2,80.00,217,17360.00,8853.60,8506.40,781.00,0.4900
695,190,1128299,2,53,2,77.00,210,16170.00,8246.70,7923.30,631.00,0.4900
696,190,1128299,2,53,1,80.00,750,60000.00,30600.00,29400.00,15000.00,0.4900
697,191,1128299,6,53,1,75.00,625,46875.00,23906.25,22968.75,11719.00,0.4900
698,191,1128299,6,53,2,73.00,163,11899.00,6068.49,5830.51,416.00,0.4900
699,192,1128299,5,53,2,74.00,155,11470.00,5849.70,5620.30,505.00,0.4900
700,192,1128299,5,53,1,75.00,575,43125.00,21993.75,21131.25,12938.00,0.4900
701,193,1128299,1,53,1,75.00,575,43125.00,21993.75,21131.25,10781.00,0.4900
702,193,1128299,1,53,2,71.00,155,11005.00,5612.55,5392.45,429.00,0.4900
703,194,1128299,4,53,1,80.00,400,32000.00,16320.00,15680.00,6400.00,0.4900
704,194,1128299,4,53,2,76.00,108,8208.00,4186.08,4021.92,271.00,0.4900
705,195,1128299,3,53,2,64.00,156,9984.00,5091.84,4892.16,409.00,0.4900
706,195,1128299,3,53,1,70.00,600,42000.00,21420.00,20580.00,12600.00,0.4900
707,196,1128299,2,53,1,75.00,600,45000.00,22950.00,22050.00,11250.00,0.4900
708,196,1128299,2,53,2,71.00,174,12354.00,6300.54,6053.46,432.00,0.4900
709,197,1128299,6,53,2,63.00,135,8505.00,4337.55,4167.45,315.00,0.4900
710,197,1128299,6,53,1,70.00,450,31500.00,16065.00,15435.00,7875.00,0.4900
711,198,1128299,5,53,2,67.00,112,7504.00,3827.04,3676.96,300.00,0.4900
712,198,1128299,5,53,1,70.00,400,28000.00,14280.00,13720.00,8400.00,0.4900
713,199,1128299,1,53,1,80.00,425,34000.00,17340.00,16660.00,8500.00,0.4900
714,199,1128299,1,53,2,72.00,111,7992.00,4075.92,3916.08,320.00,0.4900
715,200,1128299,4,53,2,62.00,113,7006.00,3573.06,3432.94,245.00,0.4900
716,200,1128299,4,53,1,65.00,450,29250.00,14917.50,14332.50,5850.00,0.4900
717,200,1185732,4,22,3,48.00,340,16320.00,8323.20,7996.80,490.00,0.4900
718,200,1185732,4,22,2,68.00,290,19720.00,10057.20,9662.80,690.00,0.4900
719,200,1185732,4,22,3,70.00,1000,70000.00,35700.00,34300.00,17500.00,0.4900
720,201,1128299,3,53,1,60.00,550,33000.00,16830.00,16170.00,9900.00,0.4900
721,201,1128299,3,53,2,58.00,149,8642.00,4407.42,4234.58,346.00,0.4900
722,201,1128299,3,22,3,25.00,900,22500.00,11475.00,11025.00,7875.00,0.4900
723,201,1128299,3,22,3,20.00,270,5400.00,2754.00,2646.00,211.00,0.4900
724,201,1128299,3,22,2,24.00,234,5616.00,2864.16,2751.84,264.00,0.4900
725,202,1128299,2,53,2,64.00,138,8832.00,4504.32,4327.68,327.00,0.4900
726,202,1128299,2,53,1,65.00,550,35750.00,18232.50,17517.50,8938.00,0.4900
727,202,1128299,2,22,2,34.00,225,7650.00,3901.50,3748.50,375.00,0.4900
728,202,1128299,2,22,3,26.00,270,7020.00,3580.20,3439.80,260.00,0.4900
729,202,1128299,2,22,3,35.00,900,31500.00,16065.00,15435.00,11025.00,0.4900
730,203,1128299,6,53,2,56.00,113,6328.00,3227.28,3100.72,228.00,0.4900
731,203,1128299,6,53,1,60.00,375,22500.00,11475.00,11025.00,5625.00,0.4900
732,203,1128299,6,22,3,27.00,238,6426.00,3277.26,3148.74,251.00,0.4900
733,203,1128299,6,22,2,33.00,210,6930.00,3534.30,3395.70,319.00,0.4900
734,203,1128299,6,22,3,35.00,700,24500.00,12495.00,12005.00,8575.00,0.4900
735,204,1128299,5,53,1,60.00,350,21000.00,10710.00,10290.00,6300.00,0.4900
736,204,1128299,5,53,2,58.00,98,5684.00,2898.84,2785.16,250.00,0.4900
737,204,1128299,5,22,3,35.00,700,24500.00,12495.00,12005.00,11025.00,0.4900
738,204,1128299,5,22,3,27.00,210,5670.00,2891.70,2778.30,295.00,0.4900
739,204,1128299,5,22,2,34.00,175,5950.00,3034.50,2915.50,327.00,0.4900
740,205,1128299,1,53,2,69.00,94,6486.00,3307.86,3178.14,227.00,0.4900
741,205,1128299,1,53,1,70.00,325,22750.00,11602.50,11147.50,5688.00,0.4900
742,205,1128299,1,34,2,36.00,154,5544.00,2827.44,2716.56,238.00,0.4900
743,205,1128299,1,34,3,40.00,550,22000.00,11220.00,10780.00,6600.00,0.4900
744,205,1128299,1,34,3,26.00,176,4576.00,2333.76,2242.24,156.00,0.4900
745,206,1128299,4,53,1,75.00,375,28125.00,14343.75,13781.25,5625.00,0.4900
746,206,1128299,4,53,2,71.00,101,7171.00,3657.21,3513.79,251.00,0.4900
747,206,1128299,4,34,3,25.00,224,5600.00,2856.00,2744.00,314.00,0.4900
748,206,1128299,4,34,2,34.00,203,6902.00,3520.02,3381.98,442.00,0.4900
749,206,1128299,4,34,3,35.00,700,24500.00,12495.00,12005.00,12250.00,0.4900
750,207,1128299,3,53,1,60.00,600,36000.00,18360.00,17640.00,10800.00,0.4900
751,207,1128299,3,53,2,54.00,162,8748.00,4461.48,4286.52,385.00,0.4900
752,207,1128299,3,34,3,25.00,850,21250.00,10837.50,10412.50,7438.00,0.4900
753,207,1128299,3,34,2,23.00,213,4899.00,2498.49,2400.51,245.00,0.4900
754,207,1128299,3,34,3,20.00,255,5100.00,2601.00,2499.00,209.00,0.4900
755,208,1128299,2,53,2,60.00,188,11280.00,5752.80,5527.20,417.00,0.4900
756,208,1128299,2,53,1,65.00,625,40625.00,20718.75,19906.25,10156.00,0.4900
757,208,1128299,2,34,3,35.00,850,29750.00,15172.50,14577.50,10413.00,0.4900
758,208,1128299,2,34,2,33.00,255,8415.00,4291.65,4123.35,379.00,0.4900
759,208,1128299,2,34,3,23.00,289,6647.00,3389.97,3257.03,279.00,0.4900
760,209,1128299,6,53,1,60.00,475,28500.00,14535.00,13965.00,7125.00,0.4900
761,209,1128299,6,53,2,54.00,124,6696.00,3414.96,3281.04,248.00,0.4900
762,209,1128299,6,34,3,27.00,236,6372.00,3249.72,3122.28,261.00,0.4900
763,209,1128299,6,34,2,32.00,176,5632.00,2872.32,2759.68,253.00,0.4900
764,210,1128299,5,53,2,69.00,117,8073.00,4117.23,3955.77,347.00,0.4900
765,210,1128299,5,53,1,70.00,450,31500.00,16065.00,15435.00,9450.00,0.4900
766,210,1128299,5,34,3,35.00,625,21875.00,11156.25,10718.75,9844.00,0.4900
767,210,1128299,5,34,3,26.00,213,5538.00,2824.38,2713.62,277.00,0.4900
768,210,1128299,5,34,2,34.00,175,5950.00,3034.50,2915.50,357.00,0.4900
769,211,1128299,1,53,2,85.00,115,9775.00,4985.25,4789.75,391.00,0.4900
770,211,1128299,1,53,1,90.00,425,38250.00,19507.50,18742.50,9563.00,0.4900
771,211,1128299,1,34,2,38.00,125,4750.00,2422.50,2327.50,214.00,0.4900
772,211,1128299,1,34,3,28.00,160,4480.00,2284.80,2195.20,148.00,0.4900
773,211,1128299,1,34,3,40.00,500,20000.00,10200.00,9800.00,6000.00,0.4900
774,212,1128299,4,53,1,95.00,550,52250.00,26647.50,25602.50,10450.00,0.4900
775,212,1128299,4,53,2,88.00,138,12144.00,6193.44,5950.56,376.00,0.4900
776,212,1128299,4,34,3,35.00,700,24500.00,12495.00,12005.00,12250.00,0.4900
777,212,1128299,4,34,2,34.00,196,6664.00,3398.64,3265.36,420.00,0.4900
778,212,1128299,4,34,3,26.00,231,6006.00,3063.06,2942.94,330.00,0.4900
779,213,1128299,3,53,2,78.00,188,14664.00,7478.64,7185.36,587.00,0.4900
780,213,1128299,3,53,1,80.00,750,60000.00,30600.00,29400.00,18000.00,0.4900
781,213,1128299,3,34,3,20.00,306,6120.00,3121.20,2998.80,257.00,0.4900
782,213,1128299,3,34,2,29.00,254,7366.00,3756.66,3609.34,331.00,0.4900
783,213,1128299,3,34,3,30.00,875,26250.00,13387.50,12862.50,9188.00,0.4900
784,214,1128299,2,53,2,77.00,195,15015.00,7657.65,7357.35,571.00,0.4900
785,214,1128299,2,53,1,85.00,750,63750.00,32512.50,31237.50,15938.00,0.4900
786,214,1128299,2,34,2,39.00,236,9204.00,4694.04,4509.96,414.00,0.4900
787,214,1128299,2,34,3,30.00,263,7890.00,4023.90,3866.10,308.00,0.4900
788,215,1128299,6,53,1,80.00,550,44000.00,22440.00,21560.00,11000.00,0.4900
789,215,1128299,6,53,2,73.00,138,10074.00,5137.74,4936.26,393.00,0.4900
790,215,1128299,6,34,3,23.00,224,5152.00,2627.52,2524.48,216.00,0.4900
791,215,1128299,6,34,2,32.00,182,5824.00,2970.24,2853.76,285.00,0.4900
792,215,1128299,6,34,3,35.00,700,24500.00,12495.00,12005.00,8575.00,0.4900
793,216,1128299,5,53,1,80.00,550,44000.00,22440.00,21560.00,13200.00,0.4900
794,216,1128299,5,53,2,76.00,138,10488.00,5348.88,5139.12,451.00,0.4900
795,216,1128299,5,34,2,37.00,174,6438.00,3283.38,3154.62,373.00,0.4900
796,216,1128299,5,34,3,40.00,600,24000.00,12240.00,11760.00,10800.00,0.4900
797,216,1128299,5,34,3,30.00,204,6120.00,3121.20,2998.80,294.00,0.4900
798,217,1128299,1,53,2,82.00,133,10906.00,5562.06,5343.94,414.00,0.4900
799,217,1128299,1,53,1,90.00,475,42750.00,21802.50,20947.50,10688.00,0.4900
800,217,1128299,1,34,3,45.00,500,22500.00,11475.00,11025.00,6750.00,0.4900
801,217,1128299,1,34,3,35.00,155,5425.00,2766.75,2658.25,174.00,0.4900
802,217,1128299,1,34,2,41.00,125,5125.00,2613.75,2511.25,205.00,0.4900
803,218,1128299,4,53,2,86.00,150,12900.00,6579.00,6321.00,439.00,0.4900
804,218,1128299,4,53,1,95.00,575,54625.00,27858.75,26766.25,10925.00,0.4900
805,218,1128299,4,34,3,40.00,650,26000.00,13260.00,12740.00,13000.00,0.4900
806,218,1128299,4,34,3,29.00,228,6612.00,3372.12,3239.88,364.00,0.4900
807,218,1128299,4,34,2,39.00,189,7371.00,3759.21,3611.79,442.00,0.4900
808,219,1185732,3,53,2,44.00,273,12012.00,6126.12,5885.88,661.00,0.4900
809,219,1185732,3,53,1,45.00,1050,47250.00,24097.50,23152.50,21263.00,0.4900
810,219,1128299,3,34,3,30.00,900,27000.00,13770.00,13230.00,9450.00,0.4900
811,219,1128299,3,34,2,27.00,234,6318.00,3222.18,3095.82,303.00,0.4900
812,219,1128299,3,34,3,23.00,306,7038.00,3589.38,3448.62,260.00,0.4900
813,220,1185732,2,53,2,41.00,221,9061.00,4621.11,4439.89,444.00,0.4900
814,220,1185732,2,53,1,45.00,850,38250.00,19507.50,18742.50,13388.00,0.4900
815,220,1128299,2,34,3,29.00,306,8874.00,4525.74,4348.26,364.00,0.4900
816,220,1128299,2,34,2,38.00,225,8550.00,4360.50,4189.50,385.00,0.4900
817,220,1128299,2,34,3,40.00,900,36000.00,18360.00,17640.00,12600.00,0.4900
818,221,1185732,6,53,2,34.00,230,7820.00,3988.20,3831.80,305.00,0.4900
819,221,1185732,6,53,1,35.00,850,29750.00,15172.50,14577.50,7438.00,0.4900
820,221,1128299,6,34,3,35.00,725,25375.00,12941.25,12433.75,8881.00,0.4900
821,221,1128299,6,34,3,24.00,232,5568.00,2839.68,2728.32,206.00,0.4900
822,221,1128299,6,34,2,34.00,203,6902.00,3520.02,3381.98,317.00,0.4900
823,222,1185732,5,53,1,40.00,700,28000.00,14280.00,13720.00,8400.00,0.4900
824,222,1185732,5,53,2,38.00,175,6650.00,3391.50,3258.50,266.00,0.4900
825,222,1128299,5,34,2,36.00,163,5868.00,2992.68,2875.32,346.00,0.4900
826,222,1128299,5,34,3,28.00,213,5964.00,3041.64,2922.36,286.00,0.4900
827,222,1128299,5,34,3,40.00,625,25000.00,12750.00,12250.00,11250.00,0.4900
828,223,1185732,1,35,1,55.00,750,41250.00,21037.50,20212.50,14438.00,0.4900
829,223,1185732,1,35,2,50.00,195,9750.00,4972.50,4777.50,488.00,0.4900
830,223,1128299,1,34,2,42.00,147,6174.00,3148.74,3025.26,259.00,0.4900
831,223,1128299,1,34,3,34.00,179,6086.00,3103.86,2982.14,207.00,0.4900
832,223,1128299,1,34,3,45.00,525,23625.00,12048.75,11576.25,7088.00,0.4900
833,224,1185732,4,35,1,45.00,850,38250.00,19507.50,18742.50,19125.00,0.4900
834,224,1185732,4,35,2,41.00,247,10127.00,5164.77,4962.23,628.00,0.4900
835,224,1128299,4,34,3,27.00,272,7344.00,3745.44,3598.56,404.00,0.4900
836,224,1128299,4,34,2,39.00,232,9048.00,4614.48,4433.52,552.00,0.4900
837,224,1128299,4,34,3,40.00,800,32000.00,16320.00,15680.00,16000.00,0.4900
838,225,1185732,3,35,2,43.00,319,13717.00,6995.67,6721.33,782.00,0.4900
839,225,1185732,3,35,1,45.00,1100,49500.00,25245.00,24255.00,22275.00,0.4900
840,225,1128299,3,34,3,30.00,925,27750.00,14152.50,13597.50,9713.00,0.4900
841,225,1128299,3,34,2,29.00,268,7772.00,3963.72,3808.28,373.00,0.4900
842,225,1128299,3,34,3,24.00,315,7560.00,3855.60,3704.40,295.00,0.4900
843,226,1185732,2,35,2,43.00,195,8385.00,4276.35,4108.65,411.00,0.4900
844,226,1185732,2,35,1,45.00,750,33750.00,17212.50,16537.50,11813.00,0.4900
845,226,1128299,2,34,3,30.00,287,8610.00,4391.10,4218.90,362.00,0.4900
846,226,1128299,2,34,2,38.00,259,9842.00,5019.42,4822.58,453.00,0.4900
847,226,1128299,2,34,3,40.00,925,37000.00,18870.00,18130.00,12950.00,0.4900
848,227,1185732,6,35,2,32.00,240,7680.00,3916.80,3763.20,292.00,0.4900
849,227,1185732,6,35,1,35.00,800,28000.00,14280.00,13720.00,7000.00,0.4900
850,227,1128299,6,34,3,35.00,775,27125.00,13833.75,13291.25,9494.00,0.4900
851,227,1128299,6,34,3,23.00,240,5520.00,2815.20,2704.80,204.00,0.4900
852,227,1128299,6,34,2,33.00,225,7425.00,3786.75,3638.25,356.00,0.4900
853,228,1185732,5,35,1,40.00,675,27000.00,13770.00,13230.00,8100.00,0.4900
854,228,1185732,5,35,2,38.00,169,6422.00,3275.22,3146.78,283.00,0.4900
855,228,1128299,5,34,2,39.00,189,7371.00,3759.21,3611.79,428.00,0.4900
856,228,1128299,5,34,3,31.00,245,7595.00,3873.45,3721.55,387.00,0.4900
857,228,1128299,5,34,3,40.00,700,28000.00,14280.00,13720.00,12600.00,0.4900
858,229,1185732,1,35,1,55.00,750,41250.00,21037.50,20212.50,14438.00,0.4900
859,229,1185732,1,35,2,53.00,218,11554.00,5892.54,5661.46,555.00,0.4900
860,229,1128299,1,34,3,35.00,180,6300.00,3213.00,3087.00,221.00,0.4900
861,229,1128299,1,34,2,42.00,168,7056.00,3598.56,3457.44,282.00,0.4900
862,229,1128299,1,34,3,45.00,600,27000.00,13770.00,13230.00,8100.00,0.4900
863,230,1185732,4,35,1,45.00,850,38250.00,19507.50,18742.50,19125.00,0.4900
864,230,1185732,4,35,2,41.00,221,9061.00,4621.11,4439.89,589.00,0.4900
865,230,1128299,4,34,3,32.00,295,9440.00,4814.40,4625.60,538.00,0.4900
866,230,1128299,4,34,2,37.00,276,10212.00,5208.12,5003.88,643.00,0.4900
867,230,1128299,4,34,3,40.00,950,38000.00,19380.00,18620.00,19000.00,0.4900
868,231,1185732,3,35,2,41.00,268,10988.00,5603.88,5384.12,659.00,0.4900
869,231,1185732,3,35,1,45.00,1070,48150.00,24556.50,23593.50,21668.00,0.4900
870,231,1128299,3,34,3,28.00,295,8260.00,4212.60,4047.40,339.00,0.4900
871,231,1128299,3,34,2,39.00,238,9282.00,4733.82,4548.18,436.00,0.4900
872,231,1128299,3,34,3,40.00,950,38000.00,19380.00,18620.00,13300.00,0.4900
873,232,1185732,2,35,1,45.00,750,33750.00,17212.50,16537.50,11813.00,0.4900
874,232,1185732,2,35,2,42.00,225,9450.00,4819.50,4630.50,454.00,0.4900
875,232,1128299,2,34,3,33.00,323,10659.00,5436.09,5222.91,448.00,0.4900
876,232,1128299,2,34,2,42.00,238,9996.00,5097.96,4898.04,450.00,0.4900
877,232,1128299,2,34,3,45.00,950,42750.00,21802.50,20947.50,14963.00,0.4900
878,233,1185732,6,35,1,35.00,775,27125.00,13833.75,13291.25,6781.00,0.4900
879,233,1185732,6,35,2,32.00,217,6944.00,3541.44,3402.56,243.00,0.4900
880,233,1128299,6,34,2,37.00,232,8584.00,4377.84,4206.16,421.00,0.4900
881,233,1128299,6,34,3,27.00,264,7128.00,3635.28,3492.72,285.00,0.4900
882,233,1128299,6,34,3,40.00,800,32000.00,16320.00,15680.00,11200.00,0.4900
883,234,1185732,5,35,1,40.00,625,25000.00,12750.00,12250.00,7500.00,0.4900
884,234,1185732,5,35,2,36.00,175,6300.00,3213.00,3087.00,252.00,0.4900
885,234,1128299,5,34,3,26.00,263,6838.00,3487.38,3350.62,328.00,0.4900
886,234,1128299,5,34,2,38.00,203,7714.00,3934.14,3779.86,440.00,0.4900
887,234,1128299,5,34,3,40.00,750,30000.00,15300.00,14700.00,13500.00,0.4900
888,235,1185732,1,35,1,55.00,675,37125.00,18933.75,18191.25,12994.00,0.4900
889,235,1185732,1,35,2,53.00,182,9646.00,4919.46,4726.54,444.00,0.4900
890,235,1128299,1,34,3,29.00,221,6409.00,3268.59,3140.41,205.00,0.4900
891,235,1128299,1,34,2,41.00,169,6929.00,3533.79,3395.21,312.00,0.4900
892,235,1128299,1,34,3,45.00,650,29250.00,14917.50,14332.50,8775.00,0.4900
893,236,1185732,4,35,1,45.00,775,34875.00,17786.25,17088.75,17438.00,0.4900
894,236,1185732,4,35,2,42.00,225,9450.00,4819.50,4630.50,605.00,0.4900
895,236,1128299,4,34,2,47.00,250,11750.00,5992.50,5757.50,752.00,0.4900
896,236,1128299,4,34,3,38.00,350,13300.00,6783.00,6517.00,758.00,0.4900
897,236,1128299,4,34,3,50.00,1000,50000.00,25500.00,24500.00,25000.00,0.4900
898,237,1128299,3,34,3,29.00,295,8555.00,4363.05,4191.95,342.00,0.4900
899,237,1128299,3,34,2,37.00,238,8806.00,4491.06,4314.94,396.00,0.4900
900,237,1128299,3,34,3,40.00,950,38000.00,19380.00,18620.00,13300.00,0.4900
901,238,1128299,2,34,3,45.00,950,42750.00,21802.50,20947.50,14963.00,0.4900
902,238,1128299,2,34,2,42.00,238,9996.00,5097.96,4898.04,460.00,0.4900
903,238,1128299,2,34,3,32.00,285,9120.00,4651.20,4468.80,383.00,0.4900
904,239,1128299,6,34,3,29.00,374,10846.00,5531.46,5314.54,445.00,0.4900
905,239,1128299,6,34,2,37.00,319,11803.00,6019.53,5783.47,531.00,0.4900
906,239,1128299,6,34,3,40.00,1100,44000.00,22440.00,21560.00,15400.00,0.4900
907,240,1128299,5,34,2,36.00,210,7560.00,3855.60,3704.40,454.00,0.4900
908,240,1128299,5,34,3,28.00,224,6272.00,3198.72,3073.28,326.00,0.4900
909,240,1128299,5,34,3,40.00,700,28000.00,14280.00,13720.00,12600.00,0.4900
910,241,1128299,1,34,3,45.00,700,31500.00,16065.00,15435.00,9450.00,0.4900
911,241,1128299,1,34,3,33.00,217,7161.00,3652.11,3508.89,258.00,0.4900
912,241,1128299,1,34,2,41.00,196,8036.00,4098.36,3937.64,321.00,0.4900
913,242,1128299,4,34,3,36.00,302,10872.00,5544.72,5327.28,565.00,0.4900
914,242,1128299,4,34,2,47.00,293,13771.00,7023.21,6747.79,868.00,0.4900
915,242,1128299,4,34,3,50.00,975,48750.00,24862.50,23887.50,24375.00,0.4900
916,243,1128299,3,34,3,40.00,925,37000.00,18870.00,18130.00,12950.00,0.4900
917,243,1128299,3,34,2,37.00,268,9916.00,5057.16,4858.84,486.00,0.4900
918,243,1128299,3,34,3,27.00,305,8235.00,4199.85,4035.15,305.00,0.4900
919,244,1128299,2,34,2,41.00,259,10619.00,5415.69,5203.31,478.00,0.4900
920,244,1128299,2,34,3,33.00,305,10065.00,5133.15,4931.85,382.00,0.4900
921,244,1128299,2,34,3,45.00,925,41625.00,21228.75,20396.25,14569.00,0.4900
922,245,1128299,6,34,3,40.00,1100,44000.00,22440.00,21560.00,15400.00,0.4900
923,245,1128299,6,34,2,39.00,297,11583.00,5907.33,5675.67,533.00,0.4900
924,245,1128299,6,34,3,29.00,374,10846.00,5531.46,5314.54,445.00,0.4900
925,246,1128299,5,34,2,38.00,189,7182.00,3662.82,3519.18,424.00,0.4900
926,246,1128299,5,34,3,30.00,215,6450.00,3289.50,3160.50,310.00,0.4900
927,246,1128299,5,34,3,40.00,650,26000.00,13260.00,12740.00,11700.00,0.4900
928,247,1128299,1,34,3,45.00,650,29250.00,14917.50,14332.50,8775.00,0.4900
929,247,1128299,1,34,3,35.00,228,7980.00,4069.80,3910.20,271.00,0.4900
930,247,1128299,1,34,2,41.00,169,6929.00,3533.79,3395.21,277.00,0.4900
931,248,1128299,4,34,3,50.00,900,45000.00,22950.00,22050.00,22500.00,0.4900
932,248,1128299,4,34,2,46.00,225,10350.00,5278.50,5071.50,673.00,0.4900
933,248,1128299,4,34,3,39.00,270,10530.00,5370.30,5159.70,569.00,0.4900
934,249,1128299,3,34,3,33.00,264,8712.00,4443.12,4268.88,366.00,0.4900
935,249,1128299,3,34,2,44.00,255,11220.00,5722.20,5497.80,539.00,0.4900
936,249,1128299,3,34,3,45.00,850,38250.00,19507.50,18742.50,13388.00,0.4900
937,250,1128299,2,34,3,45.00,850,38250.00,19507.50,18742.50,13388.00,0.4900
938,250,1128299,2,34,3,32.00,255,8160.00,4161.60,3998.40,302.00,0.4900
939,250,1128299,2,34,2,41.00,213,8733.00,4453.83,4279.17,402.00,0.4900
940,251,1185732,6,35,2,49.00,208,10192.00,5197.92,4994.08,357.00,0.4900
941,251,1185732,6,35,1,50.00,800,40000.00,20400.00,19600.00,10000.00,0.4900
942,251,1128299,6,34,2,46.00,234,10764.00,5489.64,5274.36,527.00,0.4900
943,251,1128299,6,34,3,36.00,315,11340.00,5783.40,5556.60,431.00,0.4900
944,251,1128299,6,34,3,50.00,900,45000.00,22950.00,22050.00,15750.00,0.4900
945,252,1185732,5,35,1,50.00,775,38750.00,19762.50,18987.50,11625.00,0.4900
946,252,1185732,5,35,2,47.00,217,10199.00,5201.49,4997.51,408.00,0.4900
947,252,1128299,5,34,3,37.00,200,7400.00,3774.00,3626.00,370.00,0.4900
948,252,1128299,5,34,2,47.00,181,8507.00,4338.57,4168.43,468.00,0.4900
949,252,1128299,5,34,3,50.00,625,31250.00,15937.50,15312.50,14063.00,0.4900
950,253,1185732,1,35,1,65.00,775,50375.00,25691.25,24683.75,17631.00,0.4900
951,253,1185732,1,35,2,62.00,233,14446.00,7367.46,7078.54,708.00,0.4900
952,253,1128299,1,34,3,36.00,206,7416.00,3782.16,3633.84,267.00,0.4900
953,253,1128299,1,34,3,45.00,625,28125.00,14343.75,13781.25,8438.00,0.4900
954,253,1128299,1,34,2,44.00,175,7700.00,3927.00,3773.00,331.00,0.4900
955,254,1185732,4,35,2,63.00,259,16317.00,8321.67,7995.33,1061.00,0.4900
956,254,1185732,4,35,1,70.00,925,64750.00,33022.50,31727.50,32375.00,0.4900
957,254,1128299,4,34,3,42.00,298,12516.00,6383.16,6132.84,713.00,0.4900
958,254,1128299,4,34,2,50.00,213,10650.00,5431.50,5218.50,682.00,0.4900
959,254,1128299,4,34,3,55.00,850,46750.00,23842.50,22907.50,23375.00,0.4900
960,255,1185732,3,35,1,65.00,1150,74750.00,38122.50,36627.50,33638.00,0.4900
961,255,1185732,3,35,2,60.00,299,17940.00,9149.40,8790.60,1076.00,0.4900
962,255,1128299,3,34,2,44.00,240,10560.00,5385.60,5174.40,528.00,0.4900
963,255,1128299,3,34,3,31.00,272,8432.00,4300.32,4131.68,329.00,0.4900
964,255,1128299,3,34,3,45.00,800,36000.00,18360.00,17640.00,12600.00,0.4900
965,256,1185732,2,35,2,57.00,225,12825.00,6540.75,6284.25,590.00,0.4900
966,256,1185732,2,35,1,60.00,900,54000.00,27540.00,26460.00,18900.00,0.4900
967,256,1128299,2,34,3,45.00,800,36000.00,18360.00,17640.00,12600.00,0.4900
968,256,1128299,2,34,3,29.00,248,7192.00,3667.92,3524.08,280.00,0.4900
969,256,1128299,2,34,2,43.00,216,9288.00,4736.88,4551.12,437.00,0.4900
970,257,1185732,6,35,2,50.00,215,10750.00,5482.50,5267.50,398.00,0.4900
971,257,1185732,6,35,1,55.00,825,45375.00,23141.25,22233.75,11344.00,0.4900
972,257,1128299,6,34,3,50.00,750,37500.00,19125.00,18375.00,13125.00,0.4900
973,257,1128299,6,34,2,48.00,188,9024.00,4602.24,4421.76,424.00,0.4900
974,257,1128299,6,34,3,39.00,255,9945.00,5071.95,4873.05,368.00,0.4900
975,258,1185732,5,35,2,53.00,233,12349.00,6297.99,6051.01,531.00,0.4900
976,258,1185732,5,35,1,55.00,775,42625.00,21738.75,20886.25,12788.00,0.4900
977,258,1128299,5,34,3,50.00,600,30000.00,15300.00,14700.00,13500.00,0.4900
978,258,1128299,5,34,3,36.00,204,7344.00,3745.44,3598.56,345.00,0.4900
979,258,1128299,5,34,2,45.00,168,7560.00,3855.60,3704.40,438.00,0.4900
980,259,1185732,1,35,1,65.00,800,52000.00,26520.00,25480.00,18200.00,0.4900
981,259,1185732,1,35,2,61.00,208,12688.00,6470.88,6217.12,622.00,0.4900
982,259,1128299,1,34,2,42.00,150,6300.00,3213.00,3087.00,258.00,0.4900
983,259,1128299,1,34,3,35.00,184,6440.00,3284.40,3155.60,238.00,0.4900
984,259,1128299,1,34,3,45.00,575,25875.00,13196.25,12678.75,7763.00,0.4900
985,260,1185732,4,35,2,67.00,244,16348.00,8337.48,8010.52,1063.00,0.4900
986,260,1185732,4,35,1,70.00,975,68250.00,34807.50,33442.50,34125.00,0.4900
987,260,1128299,4,34,3,43.00,233,10019.00,5109.69,4909.31,541.00,0.4900
988,260,1128299,4,34,2,53.00,210,11130.00,5676.30,5453.70,690.00,0.4900
989,260,1128299,4,34,3,55.00,750,41250.00,21037.50,20212.50,20625.00,0.4900
990,261,1185732,3,35,2,60.00,304,18240.00,9302.40,8937.60,1040.00,0.4900
991,261,1185732,3,35,1,65.00,1125,73125.00,37293.75,35831.25,32906.00,0.4900
992,262,1185732,2,35,1,60.00,900,54000.00,27540.00,26460.00,18900.00,0.4900
993,262,1185732,2,35,2,55.00,252,13860.00,7068.60,6791.40,624.00,0.4900
994,263,1185732,6,35,2,53.00,231,12243.00,6243.93,5999.07,453.00,0.4900
995,263,1185732,6,35,1,55.00,825,45375.00,23141.25,22233.75,11344.00,0.4900
996,264,1185732,5,35,1,45.00,775,34875.00,17786.25,17088.75,10463.00,0.4900
997,264,1185732,5,35,2,44.00,233,10252.00,5228.52,5023.48,410.00,0.4900
998,265,1185732,1,35,2,52.00,225,11700.00,5967.00,5733.00,527.00,0.4900
999,265,1185732,1,35,1,55.00,750,41250.00,21037.50,20212.50,14438.00,0.4900
1000,266,1185732,4,35,2,56.00,278,15568.00,7939.68,7628.32,950.00,0.4900
